-- phpMyAdmin SQL Dump
-- version 4.5.1
-- http://www.phpmyadmin.net
--
-- Host: 127.0.0.1
-- Generation Time: Jun 01, 2021 at 05:33 PM
-- Server version: 10.1.9-MariaDB
-- PHP Version: 5.6.15

SET SQL_MODE = "NO_AUTO_VALUE_ON_ZERO";
SET time_zone = "+00:00";


/*!40101 SET @OLD_CHARACTER_SET_CLIENT=@@CHARACTER_SET_CLIENT */;
/*!40101 SET @OLD_CHARACTER_SET_RESULTS=@@CHARACTER_SET_RESULTS */;
/*!40101 SET @OLD_COLLATION_CONNECTION=@@COLLATION_CONNECTION */;
/*!40101 SET NAMES utf8mb4 */;

--
-- Database: `toefl`
--

-- --------------------------------------------------------

--
-- Table structure for table `cek_soal`
--

CREATE TABLE `cek_soal` (
  `id_cek_soal` int(11) NOT NULL,
  `id_tes` int(11) NOT NULL,
  `id_soal` int(11) NOT NULL,
  `jawaban` char(1) DEFAULT NULL
) ENGINE=InnoDB DEFAULT CHARSET=utf8mb4;

--
-- Dumping data for table `cek_soal`
--

INSERT INTO `cek_soal` (`id_cek_soal`, `id_tes`, `id_soal`, `jawaban`) VALUES
(1, 6, 1, NULL),
(2, 6, 2, NULL),
(3, 6, 3, NULL),
(4, 6, 4, NULL),
(6, 6, 1, NULL),
(7, 6, 2, NULL),
(8, 6, 3, NULL),
(9, 6, 4, NULL),
(10, 6, 1, NULL),
(11, 6, 2, NULL),
(12, 6, 3, NULL),
(13, 6, 4, NULL),
(14, 21, 1, NULL),
(15, 21, 2, NULL),
(16, 21, 3, NULL),
(17, 21, 4, NULL),
(18, 22, 1, NULL),
(19, 22, 2, NULL),
(20, 22, 3, NULL),
(21, 22, 4, NULL),
(22, 23, 1, NULL),
(23, 23, 2, NULL),
(24, 23, 3, NULL),
(25, 23, 4, NULL),
(26, 24, 1, NULL),
(27, 24, 2, NULL),
(28, 24, 3, NULL),
(29, 24, 4, NULL),
(30, 25, 1, NULL),
(31, 25, 2, NULL),
(32, 25, 3, NULL),
(33, 25, 4, NULL),
(34, 26, 1, NULL),
(35, 26, 2, NULL),
(36, 26, 3, NULL),
(37, 26, 4, NULL);

-- --------------------------------------------------------

--
-- Table structure for table `soal`
--

CREATE TABLE `soal` (
  `id_soal` int(11) NOT NULL,
  `pertanyaan` varchar(1000) NOT NULL,
  `tipe_soal` varchar(100) NOT NULL,
  `audio` mediumblob,
  `gambar` mediumblob,
  `jawaban` varchar(1000) NOT NULL,
  `kunci` char(1) NOT NULL
) ENGINE=InnoDB DEFAULT CHARSET=utf8mb4;

--
-- Dumping data for table `soal`
--

INSERT INTO `soal` (`id_soal`, `pertanyaan`, `tipe_soal`, `audio`, `gambar`, `jawaban`, `kunci`) VALUES
(1, 'The word “prominently” in paragraph 3 can easily be replaced by …', 'reading', NULL, 0xffd8ffe000104a46494600010100000100010000ffdb008400060606060706070808070a0b0a0b0a0f0e0c0c0e0f1610111011101622151915151915221e241e1c1e241e362a26262a363e3432343e4c44444c5f5a5f7c7ca701060606060706070808070a0b0a0b0a0f0e0c0c0e0f1610111011101622151915151915221e241e1c1e241e362a26262a363e3432343e4c44444c5f5a5f7c7ca7ffc2001108022701dd03012200021101031101ffc4002e0000020301010000000000000000000000000401020305060101010100000000000000000000000000000102ffda000c03010002100310000002f516ad80ce86e67724a05c59849205920248090a9632d09220b101256492024ac9240494b1252c49152e4049492c67724c4362024a50d88a9729624a58900002b6ad9165fa0573a9d52b9ecee4214e9457398dec73e3a20955f04aedc473e3a4573acf87335743159f98e6cf44ae759f885f0e8073f76439b4ea95ccbf420e6474ec73f6688e7d9e8a533e8073a9d4cca29d2ce14af424e767d5290cba80bb1139002d6d5b2618b3359e2d0a9371aa2956a695ded3093932212e156e774ab0b69a49846f85528f409cb714b43368c6f7b428d402b1aeb58ed7214a3b5a4aed52b2cdea42bbdf430c99230d34051da6829b5ac2766694b69bd45dea5e0025adab64cf3d32b6ba676b2d52a5a2ba0c61ad3370d286a5a71d8d088cd2ab33a99e8626d1592c61b0ce1bab169c2f5bcd225aecbb294cb4a84e36a99332ecaecc606253b8eab669632d4770d96cadac1595ab5abce616656660025adab64ace4ad3e73cae8579da8f1cfd61a956e6e2351eb21b0c9ce8a7ef8271d339ad9b8814f4f3f486e55b1a688e55d35aea0c89ed4f09532e85538a6f31618d70c4e8afb231d0aa14aea421bc69a73ed4ed9107b19561bd39c574679fd080096b6ad9030c6d74e7b89a1ced0744983512d8d84341b39da53b2aef9165629c11b0e09d478459341160da79f5ae942b78dc481e17a0d4f3f41b239c74a56a8d9ceb53e2a4342171c839875211d864e76b4e421786ae8bc004b5b56c95a456adae0179a54da710d672a137cb72b7c2c4eabc9ac542c56c18e962c5286d3941ad2a1acd082d95698a542f85ac6d4cf59657b69656d40bc53430db39adeb8cc6867258332f7ad0beb8ed000b5b56c99a8ecd297de45aad822ceb02d66031ae9a098d456431118d77b0bd5a05eacc992ecc0b68d073aef45659b548576da0c21aa8add9811637056fbd44f46aa27b310290e48b9b58c2acc14a6e4aa8ccd983113000b5b56c98abd02b97abc525974c3997e8028b74c8e757a734ae1d12392e341cfcba857334e84086cd10a65d00e6c74b3ac70e8c9ce3a3072f67c39d67439f2ee8298f42639f7724e653aa5223c4214e9c529874a6397a37ad7332eb8250f021d0cf480096b6ad9305db8aa2ede758d5b9ac2fa99619b45272e6358b31b423a6d2679b79c603115855ca185f59325dcb42d9b91585599176566613b3114a3936849b9939e3d5ac6fada1486a6b1ab39c2da6f856cb3510aef6d0461b8acdba5f3400adab64ce97534dccec695c6698229950d62a4ae9015b958c4ad4cb52617d2b581687b0b522f3815b6996d185e915798c4672db18b4d62af186a4e996437492232d6b53386869a26d42fa463a3315d32cad056d7c76c8016b6ad92b5cb2a6b385a9bb25a0f516ce1e84b3ae9d55a8d689e474448876aa655d239773a5086274ec854e84f25c19b73647adcbd07e13620db9f15d139db4317e75e9e115cea0b561c9e76e347375a7453387ce7c5744e6c9d2aa3ac3528bd000b5b56c8182b5d01307046478e7dc74481d15a0e0968333ceb8f1cfb0ee59586042c3c65ac0028000044800065a4800000000000000015b1001596a00000056d5b2675d85ce351329d05c6f7133aec2e36d0319d44c8d45c6da067370ce9b895b0280000000000000000000000000000000000000000015b56c95a64bd748e6694fd175e3a36e4395b8be4744e687461654ea9ca83aa25786ce75a9d10b0f9ceda1b39cc0cd5658e9c738ae94f320ea511de1911caba73cfb43d1cfcabab086d0cdb9f4ae8ca994742a8c5742555e3a55e6ef4f473aa750e6f4a0025adab64231c69c94f53714b8c555b0c98e4379c60382fbc67aa7ad3027718941c2f09d8db54ec342751e12648d11ad7444ed0d0a0370b643d2a3710295d1e14a43c2923519e23621b9bca941bb2734dca910e0b3328015b56c99c5f2ab101116922d5b94bafa9314d05dacac4d6ba948268d316233ac56b4892269a5435c64822e52c54b05426c0bb74a17a582609232bc56b52226f2b1b534ccb4d2c445a2afa65ae68015b56c9864e452b9be088e94933a4c2993f14ae5d00c6ac19223b96991b5e30ded899d5b913cba135964cce4ad1d9a487011d1b830cdb05b37aa2c352259bf2232e56b3c9d8954c7a22649f4604f46415c7a1227478306025002b6ad9155fa515851b04b3e8873e9d32b9b67e4e76adcc618ba18a1d40e65ba254a2ece5cc6992b9d9f50a473e98272d91c9ddcb5728ea873a3a61ca7f598e735b073c78a530ea8734e940a4b711cadde2b97abe1cbe8e911cd3a6524e8668015b56c99637b52bbcdab1b9268bb59c2da5e6b1b6b5296d223551b50d32d6d4bc31057160266f10acec565699306f3de162fa155dac8d73db18ce6da690b3511a28de42face9529b994656d66b28bd8caba8467bd019cf4c8016b6ad932214d19b65268601bd918ae94573c2670be9a4aec45f39c0daab4e8ee57e5c75a05e369c73adecb5a9ca5d0c9a8cb534a4646e635ad6ebe74dd7198df5e6f462b4a52b71429bba2e414b651b4a6d5699d171b32cc6b5599c8016b6ad908c55ae8d799ad3f3ce83a2733a319ec8e75d2cf0c0e8db9b074c4f38e842171c15c4e81cb669b9428744e66c3c6294bd3399b58e9ccb1d011d21a942e356e4314f1cadc74403a221ac34736d4f9cfb0f9cb6e18af35aa68e6874a53732005adab64231c69d13b0d42a0dc26e4480a0019e8196a000000000000015b0000000000000044800063b000000000000000000056d5b2675d85c6ac08bdf5059890005000000000000000000000000000000000000000000000000000000000000adab64a99614ed2fcd1fb72ada752250c9dbf366ba308b11b4f34ae91ced21d31a432279d3c73e2ba673c8e81ce2ba224c46a234ae80a4c336e695d28e7de1e39da8e18e03a73af4f0841d0399d08b9cdd0765481c11a1d139da0e88bd000b5b56c949cf0b5dcf0846270de2c2c56e6105b7954df28935b57186052f5b8be8691381b9806e2fa1acd3397685b6b3533c55915ba6d1840c58506eb831139e25322e1be89c9bce3a968c73372b4198c24ded86f000b5b56c99537a8b598ad53508c2b7db4c237988c8d8c23592f8e842f7d32d0cdbccbe37d216b69630b6d89a65124dca1a2ec48bd5a9a534da6271d26156e245abbdf4c28d1185a6e26e8b84315aa17bc2fa68196f96b000b5b56c98acf1484be0badd10e759e912d580e759f2901f88e7c748a5a8e10a55d0e5ecf452c344618bb07367a2564abf3080f060b747315af422b9db35684a8f827b6d51065804b3e8cd2ca746c736dd00e6ece0232f108bb24002d6d5b22eaf46b4ab25846cd45528d630b6da58859c052ad4d2b5720576da630cd905a58b1928fd4bf3fa5439f770a4b66085f17ea2766e29586c299355850762859cca552ce458a6fa5a14ab3225768acd67eb08db7d34c5badb0005adab64cf2d72a00a229a9152c16cec4575a84188e28ead1a655dab3bdb13482a5f5a5e32ae99d6eb359454a6b5b2cc2d1a56d4a98b58a98ea338e8bc6b4d32026b5b2ce632c4e4c5914bd608b615a14925b5d880096b6ad922315e9d94269fc8561e9e6b75b08d870e74574a523270c311c94eb4e59191da20c0c0b6674230c21e12a5740e783d65690ed558a7a15c47c4ea392894f67384372948e0950e84f3d836b27bc5231d6a5945a8aee8ba4812d6d5b24462969d51191dae5843b2948dcf3a2ba164661ca23d02c73e6d7c56646279d7a78cf9d1d53975d3ac72a0eb47283aa72df8d4e7c1d2847486679db53663843a66a1d039ed1b08c8e89d06efcf9ae84284382d41c8c173a020fc002d6d5b24457234cc9ad6b1896df3ccde3383532b17d56b968c6c6a641a14b1745ac2ab7adeaa691191bdc53a0b49ac6531a4e3a84e541916b8ce78c97d79ec1a195cd2b9d06229bcb9dd1b6a3709ef1b1725cf40800aadab633c99115964a568e8615648525a29596416bec42a34529974012db70cf36085edb0606e0b61d0296a38090e82966414df4216868a5afb10a4b4573b76a047760106760525a0576d0800500000000000000000000000000000000000000000000000000000000000000000000000000000000fffc40002ffda000c03010002000300000021a0c20c04c30c10420830c00c10020400c00000c008000a6b8f1d51bedc6101de529a3ce39a2cc5c574fb4d12c0a7d2a3c69a4bae754d57625d9859b95f4fdf67586b040a68069a4e3e348b9d1a41ad8a670db27d3b43c9865840a71c636d1edb86bdf97d1d71b579570e73e39f9ddf840a480c7249ef99fb3c30759d1ecdbf1b4d04f45324b240a51353d6d5efbf1d57b556fbff005ec2847d618517e18c0a55dcf65f178265b455df66d2d96fda7f6f6b597bba40a41f1107f2438ced13ccfa45c15ccb2bd3c56ebfc9240a7f7e0bf1a69bd5085713c186b49f5fdb027f4fcefa80a65ac53e94c13c314f5efc457c3b4b3f916fcd9ee12c0a47f6b5d7c7dfe1ed5c51a7f2fbdf9d734f9cf1e8f8c0a49ce71cd1798c3d7f240000000000000000012000000a40c420d2c31c92833000000000000000000000000000a5f207a4f3652fd0512c31ef9d7f4b75707bf5fc89240a518437799fbcc195f1cb34f2417e3d4305d26fc6b080a452630692ff00a5d761b7985bff0076f35ddb75c513c1a00a418ed279357eeb27f47fe7d1e90c93ed587e4feef000a47443459ae17cd6f37518457e1acd0f1965b6ddf1880a5faed85fe47d517cf6536e3acb4c98d167f6416c50c0a65762e5790b5e1dcd59caf28c1272acce204c155bac0a59749debce10cb6e527d381277ac7ce53c93439758c0a551db7c0010000000000800000000800000000000000a424e3840000000000000000000000000000000000000a618408695433c73fe1cd0496656c32490410c92c30c0a744ff047c57ad31590d9a91303ff001fef7e7d7f4c1240a779ef77d853cd9061fe3fcfc71beb8c90d3bcde61ac0a53cf38d18778c1843051cd90c706bedd1e157f553cc0a43a4d8d366d96b7f7fe5eef3c1169844c793dd0fd0c0a4f15bccd296dd33db9ed3eff0055543a7f1ee6431fb840a671c7854e630d14f6d5bf2bfed47bc4d17f0610ff00940a4d0552e2af9005a430490f94d767db450cb6dd05f2c0a431d7dd5b69c6946994beed27175b47f05daa9bf0080a234618e1853c63c434d34e14f10e10f1dc30414c0000000000000000000000000000000000000000000000000fffc40002ffda000c03010002000300000010f32db6ef4f3cc30d3cd38d38db6fb8ebefbcfbadbec3cf658b39e2864de14756e15f1451c7bc5905255bc4387cf5180171bffe15d956c090e53c9472869bf94c35cd37cf42bff98eaa03ad18bbd23006cb33de7d6a71e574597cf4f35d0a93e56d324c0850d478e529a25f8430106707cf5234f3494fb9e11cb2e70032c5367b4f0ff34910347cf778c344d7fbd5395556544f9557debd32775cfa7ba7cf7bc511f944504f05f7f3cd7b67a73c7b0578c7805bfcf63861c478b14c19e1868647c770092fa8d1cf3f2987cf5d62d07d99544b16d36fbef7f76652f94e978d7de6bcf7dd05d56653825cb94fecebd5deee60b2683ea7d3a7cf450e02f026115604b1e9342a620c71eb94e2431558fcf4fc6734f0fbbc55cb25cf3cf3cb0cf2c30c31e33e33cf56f5006018b818b2d63cf3cf3cf3cf30f3cf3cf3cf3cf6b14f9290d51b73512490d131554b4d93d5cef25747cf631c10e99d124b3d93430672cb0710492dbae9f6373cf690d7857571bd4f559cb85705d959c731cf5d75d5d3cf71c7d255b7786b6d7e2f6ff96b563ade9139e18ef0bcf75063c792f176e2e17f14df691a6f01b5457cc16193cf6192b7d486f3c33d0174d7d75dde645d2a13fec7d37cf52e6990bee256e82bb6557fb6b11f359c7f1e52659fcf571ef54536f14d2b12fb30524926d350249acb47bc7cf791555fcf1cb9cf3c73cb1cf0cb1cf1c3bcf3cf3cf3cf50963cfcf3cf3cf3cf3cf3cf3cf3cf3cf3cf3cf3cf3cf63cebae8ec0ff007b51fc5d65ce66f3c79857edbec37fcf4247f0c57cb6f9ac1c698232037655df1e76536dfdfcf7f6e306ff00c35c5543e5f7d51f99c9cfdd75ae1cc187cf698d1ef1cb70078f4041f937f315b3db0ab75c693dfcf55ec596a3d54316459513b7be6af986460ffd18e027cf55d7c55c34b4d1545645c5d3de846f45e7c595042a7cf437b7e7b22e96a5773d53fa6c29c921bb51a47ab99fcf7115394dbdf28508528a194751abfec32479433d56fcf5bb457437f12f194a0bdf053d1dd95e92cbf1137cfbcf0b3d12e7bdb67186d96956f76dbddad7d6b8e73fcf3cf3cf3cf3cf3cf3cf3cf3cf3cf3cf3cf3cf3cf3cf3cf3cfffc4003c110002020201020602000304070901000001020003111204132214213132425210412362a2202433b1153040435172820550537192a1c1d1e1f0ffda0008010201013f008109191356986851c7aaff00635843038335fec61bf0411eb353eb0027d26b3530ab0f59a3e33acd605257300630ab0f2c4d5bfb15dec8980bdb0735c7c0437b92a4fc60e5be73ac7e46d5eb072dd71d89072195f7d6759f2a7eb3c5be41d21e4bb9c911b90e570044bd942810f29ca813c4bc4e4320d446bdd860c5e6ba8c049e31f5c6822f35d7d121b897db10f25ca327da0e4b85d60e59fda4aafd46a57b67896dbca0e6da063022f2dd4e42c762cd93f95b35af595595226193696d9530ec48b6d4300a467acd9b69db1ec0cc9dbdab0722af9d59955ca8ae35f747b94a602ff4c0f469e63db05e83d10437d1faa61be9d31d3ee86c4eaab84f6c674675ed8d771c6c0242e85d4ebdb05f4839154ebf1c9f3aa2df40db354b6dad83044d7689652abe690bd46edb4ed96d95b32e1358ef59b3213b675a93e65275aa2decff002973abb762eabf95e8e3be1f0fe8201c6ce0b4feec0fda56503a96f6ccf148c79c2b405522613a9fcb19285f3da7f763e4611c6fd3461c6dbb5a542a2dfc4f6cc713b70c662b36fbbb65a291e55c4e8e3be15e30f2da01c623ba3f4f0bacd78c17cdfba26986ccc71b56882bf94250d9fcb31c63f298e364774bba59c27b7f295a91e6d05087d2d9d04c64db1aa4033d59a284cede70508573d586a4dd007f74f0e9923ab1280ea4edac6a42951b43427a8b63528abef85102676828adb51d4d6575d659c168d4d01bc9fcb305086dd37ed9d1ac0cef2baeb29930574b0f2ed952212db341c74c79db1e9ad4361f6869a804efff009e1a53f4f2baeb2cd96878f596f2b65d5e8d8dbf2945ae9b09650f5fac3c67ce0343590ca3ed0d472a3ed071dce9afca1e25abe65846a995b1f69d17df52d0f1dc7acf0d6e711a960547fc61a71a02dee9e12c6f6b43432dab5b7ca7876fd309d221d81f8c34315c8695561fdcfac14b16603e30f12d519389d27df58dc7b17d65751b7e5ac6e3b23aa318dc5b5464cf0d686f709756eaddedddf955b48ca4297b379ef34e437977c35dbea60aaf2563f880c324f7429c823e70a720ea4e6697edb77cc5e1973bed01e42363cfba2a5cde621aaff52a669c81e5df35b76c79ed057c83a8f39a5c3cc45ebafa4d6c56f28bd7ac30fb4239041c97845c1ff7b46f127d779d2b84d6edb3df98a390de40bcc5ecde7bc7df6eefcd76da83b5a1bae2762d3c45e06bb76c6bae7f736d0dd69f569bdaaca675f9054aed05967ea1b6c1ead05f6870caddcb3af7070fb7744b3928364f2dbffe30f22f67dcbf74f13796d837745b1cbb11ee8d7deeddcde905b67a89d7b8aebb4373e548f8ceadacf9dbbb3b43c8e438c16cac37599523e33c4f23520bc36580e2756dfb40ee3d275aefb466666c9fca5a506043c97260e4b8f49e29ce4c4e4140b858396e171ac17b8663f68dc87254fd678a7d710f2ecd5447bddc622f219428d62f2b3ee8390ebbe3e53c4b03e4b1b94ec3107208c01ed87938f6af945bc87db58792e55845e5b8555d61e4b9da0e4b7d60e4380c07ca3727217020e5b88392e1b32eb458f91f957a953dbdd2a7a82777afd3ff00982de201fe142f5146c2f745b2ac60ef12ee391864963d2400ab0dbc7cf92416265cfa4ead1e9ac17520fb23d941460a9dd3aa98f6fd62dbc7f9241653f4969a88cafba0b29c2f64b2c56f8c6743ae1675e82bdc9dd0d95f510aa76cead5f4ee9ba6ec7db03d4c3ba2bd213057ba3d9576eabfb9d6e3edec96b2b3e51755fcd2bc623f88c566bc409efee9a7135f79da62928ed9eef8456a35d4ac3d315e3ca1e8e9fcd35e2ea8373b42bc61e463d7c255ed77668a9431c445a3d5bef34a3dc5bb65829edd605a0fb9a20e21f739583a7b37fe731442bc4c8c319a525323e307474f3f745348ad76f7429c5d721bba5a94aba68fdb31c465c962b1871c5abae5960f0db296966031c7b7f35a214c9ed9557537bcc7a2ac3b29ff00ee2d0985667838f5956cdb16a42996782942f80dfa9d21b603c1421f3eac3c64ce05db7fd3071d08cf57f73c3ae5bbfb65942065c5bee878eb9c078dc7a8053d59d241628dbb61e3d67d1e35200ced0d35fa878bc646ff007d3a75e71b7ea352bb2e1e371d1467ac20a81f94f0e84e05b0f190004db3a0a1d41696a85380ff0094a5dc644e836faed3c3dbea3db3c3d999d0782872bb4e89f4da1e3583cfe30f1ed1eb3a5620f77ba1e3b82c3308c363fb44b118dbfb7e7f8249f5fec0770301e6cfebb4ea3eb8de1773e65e6ee3e7377c6369bbe73b4ddf18de1773eaf366fb41638f9984e7d7fd8eba37af3f28dc6d7d5e271f29bb7b63f1b55ced2ae3a3a292fdde7ffe4f0ad2be2edb61be73c1d93a1dca368dc62bf38dc701b1bc3c7657d21a3b954386838e4b30dbda6785607ce0e1b93e50d180bddee3071b3f29e1f3e61bb60e292b90f3a2365eef74f0d95d960a32cd89e14e7ce0a72fa0878a50f9b41c56f53ed97566a6d4fe529761910d16abad657ba742d13a2e031316a720b7c625576bbac28e3d635576be70d168f58f4d95ea1fdd3c3dbfa8d55c5bcfba0e35cde6ab1aa751933c2728f6e86741e742c8bc6b586df18c8cbeb071dca6d3c3d9ab19d0b75cc4a6d65dc2f6c6a5d573071ec28ae3e50f1b901772bdb071ee2d80b1d195b0df941711d9bcc7236df4799e4ff3c3d6f69cc297e35d5e6390aaa3bf58dd72c81975facfe3a8fdeb31c9fe796f586a5f335e405cf9fc67f78fe78ad715edde1aeff42afdb0b7241c77ed00e49fbc039046e37d66dc8db4ef8c39166bd931785ce1e7f1fd7be28e474bcbdad9fe9807200c68f00b5f6fe58bd73e43785791e9df0789fd6f1b7cf77e52c603020e43e5b33c4dbb6d1ad7770c62f22e0b883936a2e0416367316ee415d557659d4bb5c1599b2d1e485b59d7b7da67887218b2c163810722c13aef88dc8b5c60c5b9d35c4eb3e59cfac17bc5bd87aacebda55d42f6c17daaa008390e3c8af962576ba36d0dee4f941c9b42e20e45a0e658cced93f95b82a602774ea28af5d3bbed12f55f845e40ce4d53c47f243782b80916dc2635955e6b4c6b1b9590dfc3f7447d63dfb2634ee9e2575c74a7884cff00853aa3a9b6b1b9087d2af39e2533fe141c901bd92cbc38c04d635aa5d084f6c17a6becee8393afc278850b815777fc675417562b1b94a7fdd0d61e421f4ab023da1b5ecf6c1c85ce7a52d7dce7f29d109e7dcd0b7136f2499e36ded959a458c5d7b617e295f25ee9b504fb66d46bed948abd1a668538d769bf10f9943b40dc4fdaccd5d653af6c2dc42bedee84f17f4b2d6e390bd35ee85ab09855ee95352061d6274b76dfdb19b8da3613ba56d4aa9257ba21ac7bd63b710ab68876951a00fe22ed19b8ff00159b71beb36e3631acda8ee1acb4a16ec5edfcd35d2eb977d674e8c41571fef3c321f6b4541d4c16c2c2947a6f196908c3e5116b29e6ddd3a1c607dffd528a6a7b987c622565df3dab055c727df1ebe3699de535d6fb6cdac65a42b106575d44659bfaa2d547de0ab8c57cde0ab8fae77fea9754aa323e512ba75c3343c6e3fc5ffaa5b5f1d17b1f688b494eef74b52941daf2aa686442efdd057416c6f2d08af843f94a0b8f743c528ddcf071589c0712ca993d60e387f256ee89c643b6efed79e149f468b43b58104f0f87452d178e59721a3f199190319e18e71b43c5298ef12ba19d99411db1b8cea9b19e15bef1a9c7ca74096501e37131f31acf0ae1725e743bb52d0d2c0e0cf0cdfa6878e44b38ed5fab46e31ad7b8f745e2b138dc474e9b63f2b53b0c89e1eedf5d7ba0a2d31d0a7afe4123cc42c4faff00ae2c4faffa90ee3d2755c36c1e751fed1999bd7fdad2ad9732aa436f0f0d7a9aef29a772f0f11b2dab76c34307553f29e0df5d83243c770b92c93a4dd3dfe3178ec7e53c237aeddb0f19c796c21e3386c6d1a92195323b8cf0aead82c274336e81b68788fbb28613c33827b843c670b92c912a66199e19fee93c2bfd84b286abd5843c571af7a4e89df50d3c2bfd843c670d8dc4b6bd1b1b7e52b7619105177ea15b50a83ee82a739c774155dfa9fc5b0e7eb153923db151d8e36868bc7fcb0d772ae4c50e47bb59d2ba14b479b454b5fcc47aed48955afe6ab3a1c9cfb4ce87222a3b9c06f6c64b517260a791ea2746f8d45df28c96af99828bcf9e8669c8d35face9dd18303e7f947b5476cebf20b676859d9f63ee86de42797da756e513f8a8313a9c8107514f94def6c8cc16dc414ff8c06d4ed8f67237eef740d759dbee8a97a8c087acd9488f7d6702788e4e48da1bf91fb80b807119ed70369d7e405fe582ebc79c67e411e719adb531f582ee467c9a17bbf73a971f38e5cf9b7e52d741813c53fd445e4323336b3c4bfed235cec30678bb75d4cf12f0732dd75d60b98417387dbe51f96ee31a24eb3efbc5b5c3ed0f2ed8b7babb38f94f10e7e31790433311dcd0725e372588650bdb0721b551a8ed86e761ac7e43b2e85441cab14c5e55a99fe63b46e63b0f3448fcab1d3060e4b80802a76cb6c36364fe6ab420c15da3588cea74ed9d6ab3fe14574ddd8c6bab21b0bfd312c4518293ab50f4482eafe91ac42980916ca8228291ae5c300b12c454c1495d9a6c75879085b22a02597214c2d52bb95460ac3755e7fc382ea87a24574166c53b60bd00ff000a2380310de87e11ec56b15b59d54d7dbb47bea298150955a8ab829b46baa0d9d13ff4cb1833792fe6be8e3be6288471837ba7f760be50ad3d367111f8fa2861dd16be33796ffe72b35ecd98578ea71ee9fdd8faf6c0bc6cfbff00ce3f477edf6cfe04435066261f0dfa2654292dfc498e37dffce668d61af8e0676f74415f7ecd13a3850d31c6cfaff9c46afb8958fe1c2767ba2f470b98838c7d5e6bc3dbdffe72ed3384fcd54d6532f6c3c7a75dfadff4caeba8edb347a115940b76da742afddb178b5b7ada161a175d83c5aab214979d1a8f9ef1a94fd3cb38f556b91686894d2da8df5305286c61bc14559c752786af56fe2c14d6d6a2ef05557a978b4294c978b4547fdecf0f410ffc5d6555d2532cfdd3a35ffe24e8567d2d8f42aa021a3d6835c3464e381996226ca04bd511d4236c3f34f1fa833b4f0cff00748b4e6dd4b4f0ef968388c7dae90f1dbee25953d4305fdd3c2d9813a4dd4d6371987c84ab8f6dacc17f507fd9f7fdd27fa3ef3850c369fe8eb95b0cf5cbf8b65070de90711db5d5d21e3be7c9c46e33aae59d2252cc33b44ab66605fdb1e86450c5a7877fb41c77fb08dc662daada21a182336ded82a25036d2ba7719de595354707f289691958ab7868a9733b7da62c7d72d05776669746aedd7630a58173b4e9dd9ccd6ece253d75d911f58c6f0be76a768f481f91aabefff00b43672f6ce4ed1cf2ad450ff0019d3bbf40c65b17c8cd2cc79c34da04e9580663516e8a614b879982bbb30f557d61e3da42f77ba3d3622025fb665a124fafe52c74f469d7b3ed3ad76cc76f582c71e93af67e9a75ecd71b436d85705a75adfb41c9b76627ba1b6c2c09681dc43639f333a8e0620e45833f682fb019e26efb437d8460b436393933ad67da1b5cae369d7b3ed1b91636b1f9163fab47bd9f53f59d6b235aee307fee2ffc4002411000300030003000203000300000000000001110210221221413140204251505261ffda0008010301013f00fe17f696bc44a1e242139210842521084210f112841a3c4688420b486864634242442107484e899096a64244c84b21a12ca8d0849888242d2d7b3dfc3ad7457e423a3a3d9ec7e53d1d0854e8e8eb5d0c7e5a4747b15d2d5652ea8994a26529d14ae1722f25c863a7f528994bfe94ac4ee9693f85d52971132e3f92e25294f2ff0044e94a5d5e69e48a5d274f24513c5fe34b5712e25c4e4e4e4b89c9c9c9c97139d727239ae59c8a1ceb939391690d1312624263a9890e4989c8fc44b144c49c93121353144c484c7531d7a17ad2d4213e1084f842108354f121084a42106be8910843c5104b48746b226474463590ad3a23233a26434464c85e4359512d47a991ee1d2fc1d1f4990b4877e1d1d1d0fc8fbae847674565c847b3a3df27b3adb3a153af2dad21d297228dc2b2b2972294aca52fcd5c8bd6ab2b289dfe852972ff00a145a45297129754a5392fe9afe7353f550d9e4362636529e4265289d294a7914a5294a5e4a5e694a27a43652e25c4b06d6ae25c4a5392e252e25297128fc4a5c4652f50b8956d6b939392e273ae4e75c97139d7272727272727238727233939da1aa4262250988d520d63f4e4fc107862344210842109feea13e10841690d520d10824354948e6a0d5210842094122109a842105a4747474750e8e8e867b8743f211d1ec54e87ae87ae87ff0082bf4e8774b486f2f87457e252f25c8e865c8bc9ee1722e43f45c86f23a2e43795132e45c84f21d13c86d9d0b48a5289d2944cbc94a5a51b3fad294a5289f45294a5a5f8513d21b2e25c44d7ed2d4d4fda43f5ab914f313bf83c8a5294a513a513a2c84ca53c85962274a2652e22774865c754b89f8393e52e25392e25d5c4abe9712e3bb89712e3ab89c9ced6a63a989313939d4c498eb92169ebf272c98931df24c4989ca2624c4e7686a909cc128250f05e548789084210f142fc4210841a1284ea9293e1084ea93486a890932724d464213a20d5272420d520913d135048841aa41696bd9d1d0fc86b22b3fa8a9d1d0a9ef5ec761d1ee9723fa9d1ef5d5d7b3a16914b90d94b914baa565c8acbc9723c84dc1b1b836cb90ca5627d08e84d89dd21b852f34a52968fd7a1328da4796279e279213c597a2946ca5294a51b83704ee96b92a4a9f82e3ab8efd0e7d393926272bd9c97139d52f45c4e75712abfc6521312624c4842227224426a131210842109d1e289ec4a13fe0bffc40043100001030302030507020405030304030001000211031221133122415104103261711420428191a1b12352303362c1405082d1e15372f043a2f1056092c263b2f2ffda0008010100013f026edfe78ddbbaa3ec697744cab2e82c734f9c7f64e786dbe654a73c344929ceb5a4a3da1a288a907d39ff000251706824aa7545465c3efdf70cf7cc7b970ba273df29af0e6cf739e1a14f75e2fb7cbbdcfb422e0374d78377918ee75502a3590728550ea8e67ede6a7b9ce0d6c94ca85c482c737d7fe3b8b8020754d78709eeb84c7bcddbbabb0bc35a27c424fa2b1e09b8178bfea2169416cd296f118f55a152e0de58e531e88d105ac9a732f972aad96068ea1693f123e3c7a6eac71cd90fcc94599914e01804732bb33400e21b12569d5926ddaa18f9f34fa4f2f68b7670e4a8b3f50baceb93be5576547d4f0ec4725a32438b38b526557155f6b58046e653293e21edf89c7ea8d0735bc0d83a7bfaaa740f31827388d9161917539692ec7e13e938b9a0538008e52b464b5c5b9d499e8aa037371b495a1b70e6c327a94f655218637dc44fc90ecfc30e64c331ea53a911770640689f2e6851977f2e1a48c7a2aed7698b47c4dc7a14293c6ae39e3ce53a8d84dacc70831cd5165b710db41380b4dce2d3a7c40925c9b46a5a5d1271ca2555a55491e7be2ecad370896923015b0fb74b1936faec8d0a85c1bcb1ca61329cbd934f883892e2aab039f4a59232b45d6b5c1bc7c449f55d96939a5ce3d3a427b2a17b9c0664008d3237612dbb2169460d290660720ac9e12c937000f92ad0590585c0ef080732df116df2073884d65f05cc9104c7aad288fd392da5c253e81683a623840f55a2e0d8b264cf871f44e69008d3993d26213a83afb408608b7876545b124b7273ee376fe1398c7f89b2a00ff17037fe08a74c3ae0d13dcea6c7c5cd063f86ddbbab98a2ff004c2a74eca8d634c358cd95779632efea6fe50aefe29ebf642b56378f4e4a9125809329f51fc45a76744755ab53c538ce3c82a156abdf9040b79aa8e22d0372b8ea9634bbe274e3784f36b1c7a051505bc7963249f546bd6b800d3cbd11d93351b2672474e6e28bea5e05d8f45d9eeb25ce9932aabde1c0038faad674376cb8fd02d4ab13232c26217ea08e3f053de3aad7ab7016f313d16a54e39e9b7aa7d4a8c92dcb4623cd32ad638db8b984c75435209c2af769f098255f5310ef8c37d538dad27a2d5a80e5c3c3d399d932abdd83fbfd131f50b99270e04c2aaeb184a6d67971fafc96a54b0c18c7dca6d6a80b5a1a6d06df2c2d6abd7320442152add6dc3c4731ca10ed1509d881e8995aab896ff54647cd7679b4b899929f561cef26fe51ab501c9c7e550ab55eee2690239aacf2dc0dd0ad54b18677e70a71954aabdd548cc44ecaab9c00b77250ab50412e11279720b55f0ddaeb24ad57464cc49e9b22fa8ddde0cf201537baa69cfee27e9ee376ee7d363c439a0faab5b75d19ea9cd6b84112158c33c233bad0a3b69b7e9dda74eebad13d558de8994d8cf0b404e631fe2682ad68e48804415a6c88b42d3a775d689ebdd637f6ad3a77175a27aa6b5ad10d1011a6cbaeb45dd553ecf6924dbf26c6e8b1a770ac6445a16953baeb04f5429536ecc0b428c1fd36e77c20c6376684da6c64dad02539ad70822569d30eb8344f54f05cd20184cecec0d21c1a67ca0214a98f842b474440220856373c3bad2a64cd8256953926c1251ecf4b845a2de90831a221a168d18234db9df0b4696d637e8800040469537192c12b4a9c936893ba653633c2d03d13a9b1d1734185a54a41b0636ee6d3a6cf0b0044031e4ac6fed0b4694458d85a6c88b42d1a311a6d8f4418d6ec07b8ddbb9eeb47cd6bb6763b913e89dda38645376e23e6b5867071846b34620ef1fdd0ed0c3c88f5f25ed0dcf09e5f75ed1b431de288eeed0f7359c3e2e49f59d34c37ca56bb7a1f2f35ae3f6ba7a2d6e1ba0c734c7dc0f091ea9ef0d085569e44609ca3da1a391e53f34eaeefd4869c10079ad711e1333b7343b40310d71fec8d78136922792d76cec63aaf681fb1dff1dcfacc64cf92757689c131d16bb64e0a63ef07047aa73a02f686fed74e71e898e0e6870e69ef82df32bda5bfb5db4fc91aed9d8ee015aed9d8c755af9a70c7717e16bb78a438404eed10d7431d20811ebdcfac1a488260656b0b8360e79f731e4baa740602f6816cc1389c745aed9183befddacdba20ef13c9517b9f71881384f78609285769205aede16bb2d69ea256b6d8233cd0ad3f03bcb0b56eb206eecfb8ddbb9ccbadf22b4486b05fe11bc7343b3911c43c527184689b70ecdd76c9b4608374eff74eecd2c0dbbe18d953ecad6445a38a785b0b44cb4ddccf24253d9716e765ecc2d02ee47ea5683c8cbc5de984f63dae0665c6736c8429bb483644f98954a9e9b2d55585e2011f3128d378758d27c206dfdd68e0e7e207e885133977c53b2a9d903e26d3bf89b76e8767870c881b632851787378c401b4267636b6ef067986e53a8973da6440f2cfd7b9f42e73cddb881e49fd8d8f702430fab653fb307b48e1f14e44854a98a6cb401f210ab52d40048f4224154fb3d8203be18184d686b40e8aa52b8f8be123ea8d199cf44ca2f3e2760bae88caf673105fca0613e9171c3a38484ceca1b3e1c9130d8d91a2666ef8e7b8527b9d509770b8ed1d133b35b543c96939cc67b9b4aa06bc6a0ccf2eab43c59de07d137b23055be19bcf873f5ee145d897e019184c6dad0139b759e456863c5d7eeb42a7fd4136c0e1c2f66e189e446dd53a8d47b61cf1ff00e3854a80a76f94ec237f71bb77131ee97373e5df39f72e175be53ee0782c0ef29f7a63ba731dcea8d6dde43bfda01d9ae3be3d17b434810d71c4c23da1a3938e24f97b8e7011e69f5030b01f88c2d713e07791ea87681c5c0e109952f9c111c8f73fb406dfc2e36ee7b9ae0e123b838124744faad63980fc4539c1a093b20f1711d3bdb59a5cf1fb553a82a3644fbcddbbaa826c1fd59f92148f03ece3c93f3e49d46ccb59f08923739cad389753a51c4de1d956a4f3c367ccb6775a5c753f4f25c04c72419243b4f8c124ba3ec152a36bda6dcdb92aab5ce73b1f086fd7754a9863aa436014e6789e5872fcff00dab4c0ff00d2e03f0c2d27ea6dc186dabb44901b6ccf94aa744d803d9b34e231253e9482c34e70034f4f355bc01bd480a1faa2a1a7b49f0e7eab4a9c46878fc5c0aa33f4ac68c607c97b3b6e914c78d36f21bc0ec5ce3ebff8553a503c1cf7889f55458d90e34cdf1972aad739cec740a9530c75586da0908d205eff00d3c978931c827d27090d6c34bce2d91f4549b65203a0563c06e1e1d66e3a95a2ee26f1dd80d23656b887b2d32e764aa2cfd52eb3e6467d17686bdeff000ed1f0cad1f0bace2be67a2a34f8d8ed320db93d4aaa097b78640693f34d63c416dfc221b77294e65869709204fd53e9b8eec999304484dd968d4dcb9d0e7e59c9584f169f189931f64691b669b2d36804c6552a1b5cd113316c0fa2a0c6b6f36412e3384e6f682ebec1170e7984fa20b0975392e7e71385a0266ccdf8f20136f21bc0eddce3eaa930319b679a149ffb776f17e7fba752916ba9cf0f0e3128d39996718761c7a792a2d69aad36410dc9f71bb7f82b5b3319ff002522774c6319e111ee376eead534c34f9a15ea419890857aa5aef5dedfec81fd3927926d47d300e0dc098f32b52a875b209c725a957911fcc0ddb7555d0c2afa9c888bed55890cc1dc80aa0653a8d2c6804025de7eaaa5773794ec31d4af69ab1b19ce6dfecb56b16ce04472ea9af79ab188f44e706b492a8d57bdef0797942aa5dab87016327eab5aa96ce06c085a950c6471131e8136bbbe223009251ad5ad24470c7ccabaa6a1748cb83554716811b9309da8f165c3c7130aa70d231d30b0c029720e9f90ca1da6ac136c0b672132abdcf23cfecbb4ff00289e990a5e0bb203adb9c51ab50d371fe918f32a83ae6797246da955e1fe1681828f0870a7b06c8ff52d47b1ae133000f9a3e1caf676ba1c29b33cbc9767b74e430372765ac7ff0071fa04ded350eed891d132b557c0e771dc7454df51cf33f4855eb5831d24e256b562d9e111023cd6a542586441744775d5f49ce1643dd83cf3854eb3cbdad0de198dba2ed12431a3e277fca3da2a0c6e7390d4da955c265ad8dd7b45497ffdb8c7d11a9581765b8701b754caf51f54709b73cbdc6eddc5a0ee39ca34a99905a33bad0a5fb0280b4694116883ba14d8366ab1bd39ca80558de9ce539a1c20854fb38687026e079405a34a22d108d1a463806365637a2d1a7c8422d0e10461369b1be1108d2a64c96895a54eebad128d2a6e0016881b23469189685ecffa9718dfa655ade89cc6bc4384a0c688c6c880775632eba33112851a401160841ad0490374403ba752638c96e55ade88340d93a9537192d128d3610446fbad0fd4b8c7d328804414ea6c7c4b4151854e85aeb8c7c82d0a311608429b1bb35329b19e16c27d2a6ef1341e48767fd4b8c6f8c214a989e119eeb5b0046c852634c86894ea6c7f884a346918968c2d2a733689428d21b302b5bd39a6d2a6d321bee376eead50d36481256b44074fac2d76f477d375ac31f39942b34dd838f25ed03861a72e85ed0c9e7b4faa655bde44440e6b599207531f44faf0d2409c2f6887e5a6204fcd39e1a16b836c6d99f92d76f433d17b40b870ba2d24a3da1b136bbe8b5d93cfd56b0cf3ce216bb491877d364f7d9c89f442bb496c4994f7d9c89f44eaa052d419c4ad718907cfc96bb279f3cfa215da791da765aed8d9de8bda1968764a6d46b8984fa819d4fa2d76f0e0c18fba7f688061a4c185ac3385acd8273812b5b89d8c08faeeb5db8df22532b70f16f6c945d0272bda1b03079e3d15edb2fe5085719c3b1c90aed31be553ad2d93d27e48bc06cad7188c6732bda199c1f45afc4d161cccf942f686c4daefa23da1900e4e01faad600bbd63fbad46d97e57b4b3387616ab7ef0b5da4601f23d50aa0ba33ebcbdc6eddcf6dd6f9195eca6fbaf6ce736e50ecee110f6ccced8468ceeee4154a05d3c5cf98fb26766b434070c5dcbaa6f630d18b01c4437e6a9b0b6e9324af66f171eee94ea3330ee9cba2d1f167775c557a1aa06d8ea251eca2cb71b0e584decc591616839f851a2e24f1eed0364ea2e2e771435c3385a3e7f14ad17882d7898ce1689d4bcb87d32abf67d5f88446c44a6d021f75c31b6157ecfaa7c42239894fa7753b418d91ec80d52f36eff00b7299d8c0bbc39e8d55281799bba621693a970b3783f0633f847b1b4b9be1c340c89d931ae618e5cd39951d5490e8111b2f64e306461d23195a46d680ed9d3b2d17820b5f9e2e5d51a0f2e3fa983138ce13fb35df108cc823aa142185b77c21aad79a8e68982e132de9e6aad235233ea089954fb3d8009f86364fa3751d35ec9c302cdf22dc26767b585a1df0c6db22d76a16b66303c3d3cd57a3aad03183391217b28b2dc6dd137b29645a580cfedc2349c4f8fe18384ea2ebe5af896c1c2d0c113d3ecb45d32d78993cbaa730b996ca347c59ddc3ecb41ff00f53ac6137b391b91b83810a9d37b37788e58f71bb77131dc48033ee9206fdfaad98fea8fefdc1e0dde4616a371e67b8b80dfaa0e04b874f724481dd52a369893d53aab43d8de6ef709037ee2e0081d54ca2e008f3ee0e0491d3b8903dc2e0081d7b83819f2ee041d9020f735c1d3e5df2240ef263de6eddd541360feacfc969e18fb0dd927ae792148409a782f1f0fe422d8175872ff00b2b4bdc2e6982e27fb2d273580b1b0eb3f3c953a4fe7b39e366dbb6568b6580d3c5e4edb2ade36873496c1c44e5398e2f680c8008f849fba736ad9890609da7c4994c8f189693b0647db2a8b2da1e1de4c7af24da2db47e9603368e68d1ad73193b068f04fce65576076982d917745a470eb38ae714ca554874f301a780b77f9a7d279ab180dc4704fde50a32585cce4e27fd958fb0083e103eaa93031ef86c491ff00caaed73f007c25399532e8375a7eaac00cb586c3176375686eec361921b080b7b34716dcb74da4382690f17edffc85fa859863a4071dbe242989258c238636de55958d59e871c19facaa2c17b5d61f0e49112554fd47d51612701a792d2c875b9bd07121a21f805c71cd318e030de7d236545addec37465c444aaa1efac387670f84fe5699863ade3e271ff65458dd4b8308e1e62329ecaafae7a038e0fc195529d6303191cd9767ea131827898e2e1cd52a2de0e0c41271cd5b302a31c644c4732ad79acc36e01fda67ea88a83b370e1dfeea952762762ecf0dbb22034715336f110d85a6fb6dcf85adff0075529b85d60805d9e1bbec11a55b859888ff00a73b9f5c2d2307192409f2469cf1dbc5a84fd15100d569b4c86f113ee376ff0016ea4c719233ef8006c889109b4d8cd87f18d26175d19f74894ca6d67847b8ddbbaad4b0637f494ca956a697101b938dc2ab334d9d4e7e4b14eb7e980360479a7f6870300733182765ed5571c39c7c27ff0002d5ab2d3c317c42a4fa8e71ba3d2118a955e1de16818f55758d7e9110dce7f0139d92efea03e4dca6f69aa4edbed2d211ed1504839371121a4ede4a9bce9073f18ca1da2a5ce18dba10b52ac96f0cce0c2a171bdce20cbbf080a752f7d4008b88cf241ef686c116836e772a9d480e3fd379f9a356b7f4f2fa94e75474325b3a9fff00542abb13ca7fd9767a8fa97cf23d2103fad50fed0131f5030c40c5e647ee46a1067a5a0fcd3fb4d49e11e638495a9561c44745a8f20646c4f309951cc69bccdac929b3689de329ee7df51ed2310dcad6a98322d33cba21adfa72e6c805d309aefd20e77ed92b52adb8810cb8ce7745d14cb8f212a0d369a7fba0ff00baf6aab0f21b80c71cb4f242bbcbe0472b5769c5227f6c1fa29a80bb22e89339f92756a963dd8c37ea55032cc784602865475435002d698ca74805ac3b0007cd6a3c076d221a3d5547dadf3e4995ea3c088dcf2e43c96b55b09e1e16c9c21fa743d1a855734d360eb1b1fcad6a8d0733738c434980152a955f1b0c671ee376ee7b18f891b214982d86edb2a8c6bdb053683432d771651a14b1c2b4a9dd36e569b2008d9329b59e109d4a9b8c96ad2a7336ad3674ebf74eece200601f343b3d3b5a08dbfbab45b6c610a34c7c28d2a67e141a0080168d3ba6dcad1a724dbba34699396f285637a739468d33bb7ff0a34a99116a6b1ad9808d2a6e325aac6e71bee8d363810460ee8d26174919469b08823cd69b222de509dd9ee7f28c26b6d5a54eebadca146989e1dd0a6ce9ca110088e4ac6671bee880441458d24123236428d3122ddf7418c0410394273438651a4c71048cab1b1b7394001b2346997496a34d8770850fd4b8c6f29ec6bc6426d363761d7eeb4697ed440220ad1a774db9dd6852802d41a06dee376ee73c30495aec9032b5d99dfe8b5dbfee8d6605ed0c89cfd131e4d30e299503e77552abb54b03da21b3954fb449e21d3eeaab9f2c6b2249549ce3707460a7d40d39f329955af9894eacd6985aecba32bda187aed2bda1837ea07d56bb2617b453f3e5cbaa35805ed0c8073cf97441ed2db86c8f6865a77f0cec9959a77df03646b304efbf25acdffcdd35e1cd9575670b9b11d3aad7679ec8f68601b3b69d91aecc6ea9bae04f995ac749cff331f85acd9033bc7cd0acdcfcd6bb240caf68644f17d13ebdb389c8185a8dfbc27bad8f54dacc738012abb9ed68b62491ba3da0f1636701b6f2b5db6cc3b7e8b5d9e7f442ab6fb728980536b3eccc5d23eebda298999c09d96b3248e8555a9600794e56bc025debb6c3cd3ab01746e135d3ee376ee736e2df228763e271c6679754fa0f7b00716e0f4c267670dfa11f54eecb2d6890483395ecee186b8016c1c27b09a76b4c2a3474eedb29b45b7bdc609256979fc529d4ea6a078737c31b2632c4fa57139e4026b21ce3d51ecb355cfc6f2aa51fd2dce1a460754c63ea5c5c7a01885a3e7f1dc876210ef0fd153ecc191b6f38429714cf32539af6ba1b325bfb55461d0b1bd2168b8f89dd3e8aa82d20e7c53e19fc2d0796b648ea71d568be64384cf351c104f2dd0a5522dbf03a04283ad87386d02027519d4cf89b1e8bd946a1770efd13196b035368bb0d2e168d968e1b9d892b43f979d867cd0ec90e71c73e5d53a8925b0440faad2760cfc65c5510f2e1bc36776c27b2e233b4a6d382dcecd84f639cf619100a144c893b389faa7f6573845c39fdd368bda70e11e89bd9dec75f82e88551b7b0b7aa7d1b9e0ce3a26f63018f1c325b1809942d7ccf255197b63cc27517173f885aedd1ece1cdb49f8a4aa6c2c01b38f71bb7738c02532a07b03873552a369b0bddb04eaec1d7cf08560e740077de10aad2f7306e37ee7383465120426b83848eeb9b9cecb51931ce63fbfbae706efd47dfdd6b83848ee041ee91dd70badee9131cd3de18d2e3b046b31a1a4fc4447cfdc6bc3a63dcb85c02b8124744083fc3240dfdd6edddda5d145c21d9c604ee9f4eebf84e000d55812c6b3ab803e88b4973a353c725b1d106d4ff00d1bb6f8e465766b9a5d7b034938e7b2ac1e6a00260b4c94d6173695c0fff000835e1b869c0718f5d820ca9aa07ed22384edeabb4097b4413f2c20ce27434c978cf90549aebe48eaefaa75eeaede1f8bf69fcaa74ccd271064c93f3e4aa97dd5000e92d01b8469cc983e3007a0505c5a6c75e24991f654e9d43b93980784b7f29c05d6da66f007a27031e132e71e44c7d1341b21ec71e09020eea1c269c3b668d971bab34dbcccf09fca2c743435b83332c272aa8b68b5bc5cb313f556441d3e26d325beaa4da203e1ac03629cd224b01682efda4e3d13693ad8709869311d53435b565c0c86b4030ab0bad6f9e5595629cb72397a2cc5cd6bbc3c58328800c86bb4c91220aa58a0e21bbcc05a6d6fe9d862c16c0e6b4dd69999c3568e4f0ff00ea085158973b339f80caa2c1a8e735a408004ad3e20fb4c97fd004438d92d749cc11d556f1303838b33b09cab2a45b07c07ff84185c59703cc9fc4201cdecf8946cc703ec27383f85a6eb5c2d3e1c0f54f165d8766d6faf329c0c1b59871c70929b4dc69f134e29881e6a4c967149701b7255da0ba94b672a9097b4dae91371223dc6edefc0e9fc614981d701fc3807dc7d263e246df25b7f1ad0483d3bc52607481ef376eeaae735b8ebd257b53f0064e3663883fec9b2ea83fee27e98555d52fa9c580d88f328d67d2169ce4010d29b5ea11f527848c7a26f69a86e31cb12d2dcf4cad4ad3bb3c406cb51f3c319b8c9ce02d6abfa7b66391caaf58b363ff00b4bbf0b56ac4f0eed45f51f6e45ae76dcf0aa39e2a0e201ad692e42ad5a4d17e7867039a657aafc7f56e5a47d8af6a71760633f09fca356b8bfc188e5f646a3af36fee84ca8ed2739f189dbc953a84d21f21990655f586a3a411740c6ca99258248f97f92376ee7d363e242d1a7336a0c6b760b4d93309d498edc739429b072e50851a6361ff008158de9ce50a6c1cb942d1a774c2751a6f3247285a6de9ce536953699011a6c71248e508d363a6426d363760b429670ac6f4e60fd158d9d958db6d8c2b1b330b429f4e73ba0d036ff246edfe78ddbb8900494caad7cc7e23dc73c36254f73ded60971c2351a1cd04e4edee0702247be1c0cf92041120fbc083b1e7dc5c047b81c089953ddbfba480255c263b8107bee1204e4ab84c7797b41827b89f75bb77768b2c8738b64efd1073b6a8fe1270eda47c94e0b5c5fb708932a1e725ce9b80195da1f0037af9da982e0d73aee1613b9e68dcd0c634e2d9cbc8caa7377138cecbb40be1be4e3fd93ae9bf9dbf453070f758624c952061cf706648c9fca05cdecb2649b7f2b2c6cd3718c0c9309ae2071b88699221c7f29ce7c31b267847888df9a87175d2efe6633c82ac5f7b0379ca0e36365ce8f0a6024c4badc9dca61a96ba71891fea4e6b8dc6e761cd6b729aebaa3789d75c644f20ab3b8c35c4811cb12510f2c74b9f21a233cd577dac1e78de1502451b9de7ce7f283ab36999c380f9717354de5a5b73a01713e22efcab83b4ef2e820b872df60b8882d2e75e3c395aaf356479fc47f09f0de1739f864ee7254167670de7108871e2b9dfccc67a226e6d5373b6dc38f347845420ba18d00655c5de1718e112a08c82ff00e618c9e498eace0e33b88c389c9551bfcc173ad968dcaed01ba36f2903745992e977883467a2150baace62d71f11fc2a7fa7d9b84ce37dd12d1045475ae30e33f841f61c974648e7289760b8f26b49f5c95400e33989c4a7978634cf8ce65c4615c60b5cf74db8009dd715ff00303ffc55e22ebdd773ce13789a03e7357f713f7544d57d6f499e23f8f71bb7f0604cfb8ea4d71924f7ba9073a64ff0194837afcfde7d30e3b9ff000c1a04f9ff0001bb775773c3382249016a540f718c486eff00854bb4ea54b46d0aad42c03fba359f1368c6f9fc2d6f2f8a3e8bda1d89662c2774c754755e20040e4554a8e061a0131394d73ea5467edb677556a69b671f35ed0e2d90d1e19dd6b61c6dd80fba260127a2d7ab1fcb1e1bb75ad838f8805aeee3c6d3cf28547f218182657b4dd7b71b723d56cdf92d67dbe19c0264f55acebc8b47d532ad486dc06d71f446bc06f0fc1715af504f00c11cfaa1db017c00233f64eaf56d77009b646536eb45dbf343b6024c6c1a4fd10ed56430e48c3baa7d5ad639c1836c656abc6e36027d56bbc1b4b44c8032b58c67193b792d57b44968039657b45e01e9271e49b54b587996c7d7baa39da950027c03fba6bdd2db738c67ee9b5dc6387f74e7a6153af34deede24ff00c2d578e5201009942b38b99c3c2e38caa8fb04f9a1da26787afd11a9585de4cfb9549cf92d70da3cd768a80432e82e4caeed2a702669dc64a3da8b471b6368cf54ced0e7c4346e79e10aaf3e113ea8f6987b5b033e69959e5cde0c104efd3dc6eddce60744f232b499f725329359b4a7d36bf795a14e673e9c90ecf4c75e7cfaa75261fa426536b2613a935ce9cec831a364fa4d7904ce3a2d1a6011e50b45c6a12462e9dffb273439a5a79a34d867cd6832e9cef285060ebf32b419c5be6713d50a0c079a73439a41e6b4db9f35a2cceeb499047510850a63af2e7d169b7ef2850641198f54ea4c74f9c7768300233f55a2c927395a0cb633cb9f446934823aa14982168b23ebf75a0ceaedf795a14e168bb5093b5d3ba02169b6f2ee6442d06434645bb65693072e50b499d3a7d969b63e73f35468b9a64f481994f635e20ad2671e3c5bad26c93d506804f9946953264b413e6850a604462d8f927516390a6d1f45a0cc6ff55ecf4e79ee4fd5063447a47b8ddbb9ce0d1256bd2806e46b531bb82d6a7137235a9000dcb569dd6dd95ad4f3c5b22f0185dca250ed2d21905a5ce8c4ad6a79e2d91ed14c3e27e1995ab4eeb6ecaf68a72c00f895579637024920042a905c2a40c4a6d463b62bda29dd13f0cad6a51372f6865c04e23f3ddabfaae6c600dd32b821c5d81740f35ad4c4716eb569875b76539d0b5a9cc5c995e9b834cefb215a9678936bb1ce31b633ea8d563772b5a9e38b746bb2e0d19329f55b4cb01f88c04caec7122732536a31d201d93aad36982e5ab4f3c5b6ebda29f0e7c4616bd2cf16c99558f6ccf2946b521f12d465d6ce556aba6062728d6fd56b631ccad6a6678b65af4a26ec20e04484cae5e65b6dbcf395a8cea9dda2906dd3ce10aecbcb67d16b53922ed90acc3119cc2d7a59e2d90aac31c5bedee376eea8d792d2d00c1e785a756e3e1e26c1f25a271b78e7e8adabab80d3b93f35a3505c04411128d0a9c7b09f3dd53ecee113d44f117602aad2e61684fecf2e16868869faaa7d99c227cbe22e469542fa9b43b9f3843b2bf33e7f11e6ac3a8d38b4361556d42ea65a018ce4c2a941efe2f8a739b568556cdb19644cf34693f8a03620019e8853acd20f09307728d23c7b648fa26925b910b41c4c93cccf9a14aab4820376339ea8517896e2d31954b8dc1a2d22f2e3ff0029ec738b6392d1706b00f85847cd68bcb4ec0e9da11a355d061b2366ce16955f14366f92250a555a6ee12733f35ecce3524ed33e23f854a954165d6f08e5f94f6bcd461110251a0eb00fe83f52a8512c9277ff00b8bbf2836a3dcfdad2edf9e11a4f01b104de5c568be671ce7e6b4aa9601c22d6c0ca7937960b6480d89c84c6d47df816b9ff00618547b3b98f9779fc44aa949cf3fe94683e0e4787ff009469d5243e1b3fb653a69d4396de5bb4f5e89ad2da61addc36155a661d51c18c369183d7aa635d573c31236e81693e671fcc92b45d036f112533b33c376071105e4a14ab4488900ee7aa750a8e0cebcf8c854a959f4f71bb77cff0240e7de481bf71200928d7a404dde68d6a60c172bda1c1b393ddaf4aeb6eca041123b890049ee240fe1820f7c8eec057b6eb673df3de0870047f0dbb77768a96803af9dbf754b8cd0b9c67888e255df633d71d17652e2c74feeeb727383aa39a5e41c5a015a93c41c4bb32253af68a9c4ec52cfaaab52a60e21dd5d6afd42c74b8c80d183f12f8ea438cdc1bbabee3379b83cf0cec02a41d7b0dcef0c9554f8475299717d332ecc9f2855ff94e4e1e3a6d78e28696c67a2638fc2e9379962a25c7b45cfa6e69b7731cfd3b8cd959dcdceb47e1542ea77069c481c4e85d9eed3e2fccfe55437b9cdb8cdd11e498faaf7ee39ece3f884d73ded6193985a9fa77b5fc7191381eabb2de43898f287177e5552eb9c413c2c4daaf8973c0048121c5de69b24c073ad99df926d5aa4b9c5ed6e0e6e27ea213aa3c34473eb50fd8c2fd434dd2e74b5a060fc4aa3ad355c0f1486e5d0135e767be0648871fcaa0d8a4d5a8e7f686c6d71f8ba792ae6da7e2857b83273804e4ca064c32a38825a379f3426624c6a7e1659c52e1cce7f714fa8d0381e4cf5740faa179a665c714f91e65307eb99390d1cd769a96c3799f3b50a84d3e27906dc67aa05cd73a9c9c41f9426d4a8e2e83b8c714ee89b1ce9790db80249f29555cf90c63b0462e7969fc23219e70ae258e731e4fe99273cd55ab530710eeaeb70a80793c4e3c207b8ddbfc7168241e9fc27b6e11247a26b4347f836eddd51f6c62493010aefdac132672876d06e800c349dfa754eadf9dd1ed0e1bb07865b94faf6ce3684c717341223eeab76a6d375b89e84c23da8309248c9e1931b26d77bc0b583cf3f84dab578b8465f0dcad774b7845a4c4ca15ddcd900b2edd36a54310d9eb9ee1da099e01f5ca7563301b39016b5636430788dd9e89b5dcdcb9bc26e333d10ed9707406e23e2c67aa155c63fed9df08f6cb7c41a1dbc1772fa265473cf8711baace2da6e237e48f69d3115000703c499da1d50703013cf385ed3faa1903eb95afc2d366edba11ed7681360276e2c2a6fbd8d746e154ace6df6b66ddf2985eeaaf2761819555d0df5207d56bd417921b1740ca6925a0909d562fc78423da61c65a206f9caa1da354bb6c74329eeb46d2792754aaf86da01bb3c5dded1ccb61904ccf44ced81dc9b18d8a6562f316f3fb271b5a4a3daed1c560938e2c2f69716c8672eab55d0e9106e0307aad7778ace1eb2b5df25a6989c467aa15de7160ba4f3c2a558db27a5df5d90aaf3b331cf2995aa9f85b2498cf21f24cace791c1cb39f71bb7754a57b9998010a4d1f45a0db5cd93910b459007942f6765b04bb967d16837f73b7ea800d00046902eba4a341b8c9113f75a2d0e9929b49ad8f53f75ececcefcfee8d269fa42148075d27d114fa263864991cd53a5104ef24ad26cb77c4fdd68b200e8d85a223c4efaa341844491b2d013373b68f54d686ca7b03c41eab41bd4cf55a0d9993f55ecccea79fdd6837f73bd656837a9ee345a5c4e73b84d686fd539a0da7a195a0d88b9d19e7d50109d41a5c4e73fd96837324e653196f327d53d81e064e1369b441ee3458447f4c2d06db04929b4dad2e239a736e1195a0dc65d3d56937f0b49bf795eced88977fb2145a23acca341a79947b3b0f5d808f442900e993e8bd9da0344bb021358d6cc7b8ddbbaa556d36dce5ab4e62e129d5d81af20824725ad4e26e10b5a95b75e216ab67cad995ad4adbaf1083d87e25ba2404eaecb0ba6775aad2d9067308d6a7917091c953aada8307d517068ca15a938801e16b53cf18c6e857a64bb3c239a6b9ae120e154aeda678b68249e9098f0f6870d8a35181d697656bd1fde11ab4c44b8656b7144733f65ad4a26f1dda94eeb6e13d10ad4ccc386132ab5ef86e709ce0d124ad7a5137846ad3060bc2d5a7245d91c93ebb1a3fabf6ad5a7317095ad487c616bb350b094ca81df53f640ca754634c1704dacc738b6732b5a9678c6375ad4e26f10b5a940378cec83da4900ecaa556d36dce42bb2f2d9e70b569c9170c6e9b518f9874c2240124ad6a56dd7884eacc6839d84ad5026710854a6638b7f71bb77556b8db1fb84a1d9aa4ba4f327c4ac7b83039a0411f64293af93fb894295569c00787e856839b100188fb27134ea7c3710713d7a2c83a62d9b4377ca66db42acc73ed8eb94da0e8cc78fff006ccad274cff54a14aa1a6184370213590f71fa27b4b8b3a4ad2a90222788ff00a9685599f4c1727d0aaecf3ba706152658c01769e2757e171c068e177fb2645a311e48d3a979381f3dd68988fe8b53a8d52ff291cf927f677964797f754e838104f59de7bb46b132ee879e13e8bb9460371e8a9b5d2f738092aa87cb0b44c1469d59761bc416898ff5c9f40851a906607cd6954d88117dd29bd9aa419fccaab46ab891f0e2330b4eae4103c528cb1d602d274c0df29a21a02b6a5efc082774ea0eb207ec77d4a142a8ff00fd2632ab5ed100968339e6e5ecafbb7c639aa4cb5be7cd556b8d91fb9693a06de32e2850ac7c5d2374d643deef403e4bb4537bc36391eb09dd9eadb683cb79e6b44db1d5c3e813e854241fea2778546959f481ee376f749037f7457a44c5e819eed5a76975d84082247f08191fc6041dbdc240dd4898f7a47b81cd76c794fbeddbbaa93c0d1cca0e2d01d73be23fe94dac78b8c5bc39ba561d1151c5b974ab9f6ef9b409f372a8f7d3ba1d8b8789d0af7431a6a67a07673f9408230656f4aa1fdef81f84f7ba9dc03b174713a3ee9a5e3b349df31f34586c753cc4c7d56a49e17f107787a00b5717b6acf0f1740a8b9b7ba2a4b7119e6bb5d6b240390d9f15a9ae26a86ea491bc1fc85da1dfcccc4337f329ff00a5405a7685aae6ea5cef09cf94a158dae9a8067f7ff74f2ef66c4c91027cd34b9d60989398e50b5301aeaa460919c9ce11a9505c0b8e034944bc9cb88e12e3fd95232c19930855a93bed51e3d729d55da8d687ece00f17f65d9df7b9c6fbbd0c846b65ee15263cf03d42d403ff005780fc529b7121b73ade23f252ef6719c91f95c47371fe60007a2af51a1d0e7da2d9f5575504530e1303e28327c97138b78ce49fa27d7218d1766272e8c146f39bcf8c0098e155d4f8e4cc91d215670d47f1f106f081b92b5b2e65fc57010aabb8a2e801a4b95cf60cbfe0174a7d6dcea002401989f9abc8038b90c9e52af68b61e5cdcbbae1bd132abdc5d0ede238a7754e41ab92403cd6b39ce743b05bfba77c2a58d5774e11fe95a84b5cf6549fd324f91556b3f84c801db4badc2a3793c4e3c207b8ddbf8ef6dc22484da6079f9ff100027fc0369419b89e93cbfc0376eeaee7b59c032480b55e1e78786437754bb5b2a54b1b69df6767e89d5e0c47c508d7741b59b64c984eace21d0df9faa356a1b40182e899ff00346eddcf65d6f9195a4dfb92994ecf889f54ea0c37ff0056e8d16927260ee16937ff0074a141a3e276263cbfcd1bb7f9e376ee240dd35cd7096991dda8ccf105a8cb66f11d55c0099c775c262728381983b7f1247553fc304118ff00013fc26edddda1f6d17e73103d4a373416b1d686346cb926f278b725ce838df9a6de2f32d16b762277ca7b839f4e996380b862d318ee9fd62e1b99684cc70875b7173aef4c2d4aa587f52081e595a8f24115238edb7d15775b49dff9ba2fa94f85a4b86072c7a2d5ab619791689e5253ab54b98039db807689f34d7552e61bf05c71e4aabed6f99d97667bdcc974ee7789fb273dc4bbf52db4edd56a3c715f3c04c292c9026400311cbd55ee7d92fb629ddca72b52a900df0410211aafb26f74ba6008dbe69ae71b1ce79e16171d95cfb48bad2d0368c9395755241bfe388559c5b4dc426d5a85dbf43e816785d74701747aaa01cd75b713c030bb4d5b61b9e2e8270a8bc9631ac36e5dcb90f55ab55ad0eb8bb876c263eb1c4b84bb9db3f657193c513f17a27d6a80801ee390271bf9a0eaa5cd37e0b8e3c955716b71ccc2b9d36ebf9dd895a958b3c7043472e656a5406dd4ddf00a0f7c96ea9e66ec4e10a956592f3cb68fba657aeece448e76f3f44240c995af52e24131698da117d5697f1cf87e44aa20df50df7729555ee97c3edb7ee8bea7ef8975ab55e0385ee7711888980b52b3a9937c433cb74e7ba5f1be1bfdf0a9dceaad3a8ec37cb9fb8ddbb9cd6bbc4d055a3a7758cc708c6c8b184cda2516828080b011630c4b46158d99b44a650b5f7133f2440232b4e9c45823d11a00be671d2169b266d12a0744e6b4e0894001b2b1933689ea83183668458c3bb42d3663846158d99b44f5458c312d0ac67ed0ac64cda27aa81d1100a86f456b7f6850a02b5bd15a0f241ad1b008b18625a169b266d12a074440220895a6cc708c6ca0744ea4c73a48f92b186384636563666d13d506306cd1dc29b06cd08b5a6640ca000d82b5b74da2554a578898f9214981a05a0c2b5bd11634eed0ad6ccc7b8ddbbab121a23f737f2b51e4bf3bc5bfeebda203f070d9f542bb9b707f2813d4a6f680e8861e7f64e706b49e8a2b10d7ea47f4f25ed233c270b58de707963cd7b47f43a7a7736b3b7826e980bda05a08613c33e8bda1b8c7384c75c253dee97807a42d78893cbea57b48890c278653ebf09b5a7d7a4a15440ffbad4e706b4bba202b187ea46dc3c97b4b73c270b58de707963cd7b4ff0043a7a26b9c6b384e0342a8f0c639fd012b5c5ce1071099da3f7831920f926d4b9d696109efb23132617b4b663ee876980d0ec9c4fcd7b400e882bda4465a6790c653bb4f04b5a4e136604a35aa6780f8e079af6a6dbb6738c724d75cd07aad722a3e41b6405ed4ce856bbb83f4ce4e57b4889b481cbcd7b44ede73f242b11be761f35aff00d0e9e8a9bef607754eed0d6bad5ed30339e7f25ad270c247554eb92d134ce663d3aaf690376988241f45ade2e12088fba1564c5a63f77b8ddbbaab351b1308d117133f0c26f6568e7d39744eece1c0f17c53b2a748336e909cd0e691d5681220d43b6133b306999e9cba27519321d06ebbfb23d9f6e229c25a532960673642f67feae1800847b3b4dd9393dda42f73a7708f65696b44ede52b41b0e1d442d0c9e2c4cc2a34df702e981300a7b439a5a79ad02441a87684ceccd6999fb744684990e8374ff647b3edc4a9b1e1c49e7ba7b6f639bd442d068e7f0c7fca7500444fc3098cb64932516cb9a7a21d95a0bb3bcf2eabd99b7ddfd937b2c7c79889847b234db9ebcbaaf67fea318c7a77368db1c5b4fdd1ecad36e7ec8085ecfbcb89124c7aa6f650d1877d82142221c700fdd1eca08c9cccec87676c42d2120f424a7d2787436ed8e7d5345ad017b336f2e9fb23d95920f901b7442944f198e89b4600ccc36d5ecf882e251a40927cc7d953a659f198e9ee376ee385734fc4148eaaf6f5941cd3cd5c3695aec903d7eca42b9bd429050ad270c36cf8948eab5580c13ce13aa35a1c6761941ed22655edfdc135e1ccbb9235f6361b4902ef5573769552a5b6e2493b2655046787319570ea9951afd912042041d8a7d60c7db07c32b5f705841e9eab5fab0ccc42a752f6cc427d5b5d0184e2536a3486e775737394c70709f257366255cdea148eaae6f55709894481cd613aa30026764083b2b84c4e50703b14eacc1767c3babdb1338522136bc96701876c55cdea11a8c16f10e2d90a8d22679ab84c4a2e0372ae6cc4a351a081cc98f71bb7754697160e5395a2e004333c47eaad796ff28f863712853a91e18dd526f3d3b539955d566d383e4b49e0ff002e78207aa0ca99659896f17905a24964b79971ff00654dae652c0cf44291925b4dccc1913ba6517dc2e1f089ff0065a4ee0e0e4e3e8e2b4cb9a06946d2aa52a99b418bf9474f35a35034b6c996e0e309f4784da4f862270887bc3469901b9cf3854e8da69e366e4f9955d97d51348b9a1bcbaa751ad6d96fe3e994d63b334a4ccddf854e8dae6e366efe6aab1ee71c7c303e6a9d3b5ef311b2a8c717543613b010b45f2d258e709da72b45f001a65cdc989d95205ac00f255283dc6abc5d38813c96938e2cf8e6ef2085379a71a70e88bbd55163980ddbceea0b9e383e2267d169b9ba7fa7760ddeab4eab65a19f0efd2506979a834fe280ef20a930ea12591eb09ec73ab4d9d3a42b2b16f82080efaad3ba3f4adc8954996dd88e25a758bae730f3c6150616832d8fcfd969124cb37a9929f46ae2018976047f75639bd9ed6e4dab41d1fa74cb3848f34295503639ff00b70a9d278d39666d774dca342a97466207485458ebc92c8f5855d955eff0e31d365a4e39b73a93f4d952a66f6134e201fafb8ddbbe7fc81b4d8d24b5a04f788e5eedcd98b84fbb7b66244ff11bb77769fe4bcf4c8f92a8faac380e2e224916ff00fb26bea1a8d93f884f75ad2532ad632320de0098f53b20fa925ba9ccf1792ecf3a409e79551fc663a40f9a654aafa7e221c5c636e5d532f2ff00e64b46eaab8b58637d82baacff0033e3010ace2d61b86493fe941cf38713e2020c7af257becbefddb36ad57df4da262639463ee854abc2ebfc4098fc2a05e6eb89f9ff00c2aef708b4fac6ff0075aafb5dc5990d1f357be0befebc3e8a8dcd7597480c0aabed6e264ec856aa593246f3e19086c89adfaf51af6c4c6474c20fac0b58d6980409e18f344b9e29f1f8dd8f446abc09f14491e7c82eceeaae2fbc1f9c7ffaaed373ac63624b87db2a6a8a8eb88240005a3afa954ea557c0923c5bc4e3d135f51cdfe646067aca355fc2fbb9f87d154352c3c575d1c18e6a8b8b99279fd9769aae60e1bb024c47f745f548743e2d0d1b7c48b9cf2ce3c17ede413cc349f24d14ac65d1273fdd532f6c1bbc4d2f2102f222fb623eaa83dce7bb11927d792aee2da4e213f498047886cafaa0b9b7cf863d4a756aa1ff0015a0efc30a954a8eac4198b6731f685da3f971fb8c2356ab65a2e767716ff75ab58d326f82079649d93ab3f51b13131ca31bf9aa6ea97b25dbb498f71bb77100a73184825809083180921a24f34e6870822420c60d9a0234e99dd83e9dc290837c3a4f45a347fe9b7e89b4e9b7c2c03d0280ad1d10a54c4c31b9f24d631bb340429d36ecc03e4b4a9ccd827d158de8364d6b5a21a2027318e89682b4d975d689eab4e9e780677c2809cc6b8439a0faad2a78e06e36c775ad8885a6cbaeb04f5469d32002c10ac611b0da135ad6886800281328d361dda0a0c68d9a169d3906c1236429d30490d19dd0a6c6ecc014009d4e9bbc4c07d55ade885360321827af70a54c4c30677c2b5bd158cbaeb04f5e68340e5dc295302031b1d210630000346169d392eb04f54da6c6f85807a2735aedc4ad2a440058d81b611a00d4b8c7d1695399b1b3e8a07b8ddbb9eeb47cc05ed027c2e8922ef45aff00d0ff002f342bff0043a66217b409f0903f772c2f681cd8e1d3cd1af044b1dcbee9b59c7e18e380876869f85c05b32532adce8b1c31cd577b9b65a7ccfa046a9d5df800cf9af68dc1a6e9e98caf68c629ba7a6131e1ec6b86c44ad526adb7961bb0d23042d76da0e72253bb4f0bff004dd2048f347b4383b2c74409f9af6965d1063695ad23c246712bda32e069bb1e994ded00c703a4f24f75ad256bf1016bb789e529bda0907f4ddb9818cc263ef68727577f1f01c3ed0bda04781d39e1c725ae30e1b5a0c47540e365ed2226d775e5b755afd18e3d4f45ed23f63a2241ea9dda207f2ddb49db085620099271f55ed18f03a73c38e4bda06218e33f6ee3580a81b69cf3555e58c24367c96b8ccb4e10ed33f03a66230bda45b218e3893e4985da6d2ede17b454367e99cb8e31e147b40b41b1ca9d473def16100734fa961f91257b409702c7038f9cad7dbf4dd2876904f85db48f35ed223c0e99db0bda46385dca7ca7aad62e7b035a609dfcbdc6eddce65d6f915a02d6b67608d17f0fea641c61695b2464c1faa1d9bf4ed73be18f45a39973a4af651a81f3b3a76428622eebf75569709893c36aa2d77139db94fa41e4cf36c234011bf48f92340c875fc53bc27d2782432ecb62501884693a32ebadd82a745c4714f86027d1baecee47d9696f9ddd29bd91ad24889ce6dca1423e2cfa23d9ae606b9c0c19c854e8b5911d13db747aa1480b73b1250a0e16454f088d935a1ad0026d18f8be227ea9fd91ae8dbe6256889f98fb27096909fd958e2ddb0232250a2413c58e88767c005f31809d464bb8f0edc2d2e299e67ee9d4de1d0d9f0efeab4320cf8764d9813ba6f6602a07ce73c95465c0663329fd9c3db6cfc5391299d9dacdba1d846ebd9f717e0ee1112136947c5f0c23d91a633b46e3a2a6cb6ecee653e907199e9f64ea32643b321696f2e9e1843b1b40f8796cde8bd905b682227a2f6465e5d8fa67eaa9d12d20974c081ee376ef2e004a0f044a91d7bb599c39dc9523af75c3aa90a475523aa91d7b898570ea9af6b9a08e6a47541e0923a291d54857b6e0dea8bda0c4e535e1cd0474532a4291d548523aa91d55edb836725480a4754e786f748ea8b9adc92ae1d536a025de4535e08055478630b8f24eaed686183c51f75705226148eaa4291d7bae1dc3b40230c74c9c2f69e00ed371fa23da07ec744c4f427b9b59a6a399d07b8ddbbab8790db77b968ba1c239e3e7cd54a2fcd8d8170d826503196ce0e3cd0696d1803e1428708fd3da9e079a342a1a906631c82ac0f0f0c89c84691e21a3b8c740b42776fc43e815b0f0dd2912e740fa04ea35480db3a725a5f116e7527d215292e602d3892ab35c4e07c253e8f0d5b59f05bea9d4bc4433a0011a677d2e12ecb5358f61074b9b8c04299d9d4eec05a35ae71cf3e8a8d3fd42eb2de10154a65cf7f07c2002aa5170bac11e118e6a8532c62b1d67f28dfcca14a5c382d69391e88d3b197591e23ff0ac7c48a51c305329bda32c9176d0153a40559d38e1c2ed2da8f301bc91a320cb73708f409b4c97b669e43892e55b3569b6cb80049fc2d17439869cc8c7409d4781f2c925df6d93a9bcd56f0400ee9c90a4fb47e9c38493e72b42a1aa37804721c9556975a3cf2852a9c12365a248e26cf07dcad27604625bf46e50a3190c8e22569ba24532086e7a9459c53a783f0aece229ed12495a4ef89938263cca634b28b5bd1ab4dc03385d36ee3fbaa7488807663607af54d6bed6b4b0e1d27cd54bec368cf254695665417445bb8f71bb77c8f7090373eec099ef6d3633c2d03d3f8c403efc099fe23994dfe2683fc46eddd5f2d0dfdce014dd4a88e4d8fb235aab60dd32d98fc2bea87d97ced98d9512e2d3267261768ba6e169b465a50a8431d18d9ad0afa85c0dd8be23c90bdc19c7e27177c82757ad6e0138dc47f75a952ec9c67d0c297888760097215ab9dc11239c6e7d1098c943b4549f47b81fae13ab54b9807ee83d3cd5273cbcc9f92af50b70d99f2ff941ef75aee767e50a8f20f1c4364984c274da5dbc657b5d5e07cb6d739d8f20857ed319734705c70bdabb4904b6d1160f9946b3ddc2ff00fa9cb1b657b5d66863dd1c4c2eb537b57693c36c1240128d6ed0e2d6de3f9b131b80a8f68824938373caa2e73e931cedc84e73c3dcf12e975a36c4235eae9f39f97dd17bc17bafe4d681e653aa3cb8869e6023da2addb1b4123946132f3545ce986cc2a8e32d6831283ea1c5fc8c98548b8d36176f0253ef37f1f89c1a0235aa896e5dc472236548b8d36976e9d59e1c738e4b52a35f6dd396ff00b9fb2d47b9d0d3f11cfa2d57961e38b5b24a6ded9376cddbccaa956ab620939036112b51f05f7633c3e8bb31716ed1188e72ab5c5d4c07466531f509a4670ecc792ed13a640304e3ea8ea5ce7076d6b7d532b557d51c24373d3dc6eddd01403c90a34802d0c6c1dc427d069686b4300e96c84c6863434234a9975c58d9eb08767fd4bcdbf4cab5bd10a6c6ecd03fe56952241b1b8db1b2d2a42ee06e77c6eb469071706364f384da54dbe16347a0eeb19fb46f3f35a54aebac6cf584ca6c60e1681e89d4e9be2e6831b4ad2a445b6363a42d2a44b4d8dc6d8d9384b4843ffa7d26cdae2d91980dff0064fec0d7905d55c48da5acff0065ec87febbf79d99bfd17b1fff00ceff00a339fc91ec73bd67ed1b336fa267610c8b6ab87a067fb23d84189acec191867fb2a9d81952d0e748023608613a9d370873011e8b469189a6dc79234a99ba58dcef8dd0a6c1b3405a54a49b1b27730994d8cf0b40f44ea6c7f89a0faab1bd06d1dda6c066d1328d2a6edd8d399dbbb4a9717e9b73be375a34adb74db6f4856307c211a548904b1b8f2563249b44ad2a65d758d9eb0b4a902486373be140ce3745ad2412d184da74d9e1601e8139ad7082010ad6f4e729b4e9b492d6004efee376ee7bc3021da01dd8e1b8caf681cdae1fdd1aa263cd32adc48b48e794faaed5681b4c1551e6e6b06eefc226a3225f395ed0272d70c48f346b6d82dce67a23da582707c20fd51ac39024f92d7698807c33e8a954b87e517bdc1ee0f80d9fb265791e03b2f681fb1d3310bda04486b8e27d16b8c70bbcfca53df691f327d02655bcc5ae189caa959ed755377082d1e92855743ff564088206fe4986b6a31ae74f0925768a858d113974604a6d5803c6f9d85b69fbc2d7118638e270b55b1fea84eafc2e21876c1ea856c8107a5dc90ed2dfdae022415ed1b8b1d3d132b38c7abb1e4132a5d22d223aad713e130763d536a54341f53230485acebfcadfa942b6c082731772946bc86912013bf926d62ea9169189caab5c8a8f17b8447c389f32b5a3949e817b4889b5de63a21581986b96b8fdae998846b996431dce47a215d85b3e40fd7b8d5a81f174f28e856a556bdcc9bb0d8f529d56a30b85d3b66323e8a839ce6924ce71efb76ee7364b4f45a18027afdd1a04b5d2fcc40308d00444f22151eceda40da1a09e8d85ec6c969974874ee7f09f4c970735d04023ea8d091971d8fdd6838eefe2c4613fb35fe33246c63629d42e7975df042d1708b5f188d9680b5cd9dc01f254e9369886edd17b3912dbf824e213a84b6d9f8a7654bb30a7b79ec237469be4b1b3040070bd919ada90dde7c39faa7d2be73bb6106438bbaad277c2fcdd2851cb73ce7e6b4f8cbe778fb2a94dce734b5d113ca5699dcbb36c2148b4f0bf18c42a74deede633b8eab49d680e7cc472e88d17861e2989847b2dccb5ee0710309bd96c8b0b5be8d47b3f0c5df0c2a341b483a233d042140da017ec20613992c2d1d2168669e7c3f75a07f7e39613a802009d9b0994cb492e7492b41dc40bf85ce9d9681905ae839e5d5693ae2d6cc189309d425a44fc53b26f66731c0308004fc38ca1422e877c3085375f689b6472e88b5eea645d0e3cfa2d0706345c384c8c2d03837715d33f65a0e90e0fe2e784c658d8f7dbb7ff007c7fffc4002b100101000202010305000203010101010001110021314151617181102091a1b1c1d130f0f1e1504060ffda0008010100013f21ff00f78096163839715a417c87c9c583e23fbfe33dd89340ff003829f017f18f19bc6b8b97d72dcb97d72ee65cf763540055f6c2c482a4e44665f5cbeb8505753ad653ce5c4c5bb668b972e53ce7b696653cfd182dc247b32e593e43f2ccf765cf70db2fae5f5c1b3e643d726d72c3e711060b95c095a704f38721a0bd379eecbeb8fb80c71201d377dce5c583ba9f184c77fe329e73c9717867e729e72fdc4be0a0746ddfae75deaa0bb5d75734a83a2083c099751a1048ecd5d66f3e742a4aff007100e906741978d1a4745dbe64c4f2c2a3b7d07040cd409daebbc0b87586b47b62d678df738006bb9b539a3d66f70ed096b8a7260238edb7abb8dd61c903f201c7e8c5a00f84ceb35760f391abdfbe7141841bd8fe065de7224fc3780b0c125e215f1819253a0e74dd61c89a7d81c635449f98719a9ae3cd2758ed57d17388a636a0cc26ab5d7a620c68326df1387a05f4ce1ca7be48dd10f60e0a2de4bcc15c4a4e91b03bc3e52119338a2d4ee0c2f8b86738e92d0f7b6e681b0a645ffac4a01d00e40fe6045d4cc68e3a7b18b2352351e51bac56380278b37926895658e4a251da0f4fde721283bdf7f39a412c3d1dfef12d8b816810f8ef2aa44a628b898bbe620398fc61e0501cb37ce62ec0f57ae28a87865e07e306face1dbc99d989215877e2e161b1883c775ac60b046a030e32802101cb6e9cae03a9ff001f7823b1bf798000697000062cfb6f5ff3cfb8aa02bcbe67d7593ed5413e5f7fa3cba45eae68ff0090b582b21ed746244d29395ffcc8b4e06f848e5ba095c70cd7ce392690503be6177acdbe1bb266a80118b5ac4a4ade3fd9884de10045e3b716582cbe266ac209d01cfee75fd5fc669d3c59de15a492b0a5e7bc512f8c5af2647d00c0b495cec3feb07785c38b8068d2b393e70e47fcb59aafda53c64f2b65557ff18b9110142bb7771e60f09f2847282d5d1b56b9c46f66040402ba1c77c37139f51c6115003ef89d0210cf28e7a665fc67372dce890602d7a6cad15e1c9f9c11c07ae28f35e70334703d32a39b03b2de1308936c851cb77d300512222e17fbac52b27b505fdb32f564651cf523971474b04856b28213ecec38c9da4bbefc305a012f1482bece35e418022fb2dc3456eba2b0e721a115d9cbaa758c378063e4f251cf8c0588c3fcfeb291b7785ecc66f837abc192bdc21280f19cf80d6e0b9cbfe866b4eaf9fb80c346c178c9e8eb34dcc82da349e3125b7a5cccd3c2b64758000040cdcdff0086f3484c098121af8261804f84b8408084f8c54022447d70084a049d19fcbede208896e6de1cf8f1ac0816f31b720887418ae9109de155d44ecf6bb70241691f6c0d092449e336377cc6f0e812dd1e300121c1db0c020710e2e35e4884b918c787060b7cc6f2a609ccbfdcd6a650e26f8de01033dbceb0146344f8c7c04791cdaa348eb90c6ad7ca6f5819fb466dc6426dbc4b9ab084278cea47176c67c2b67971828003832c76254c897bc4e70084be132dba452cc0855d14e262091359facb262890da99d3e43f381b24b493c603002493a73d6c59e46715bd8fb88a9ca03e599c7d3c0eaf2fe6394aa1a1bfcb379e70bddebf78d6c3d7db3133591d8f919a2c511136dc38c75a4b7829df9fa27b04cc548154df0ee7e30df4f553fc61bcd566a56e4a015bb753199a6c98bb455601cae19b7500f19dc736071eac320561e4e0be4871e19e1e161dbce737461faf6e053087d3ae7189b54b0362efe8a0aa703d7078ef3d1e7110124dfabc197040c4e59698be873820465d3bf2ce17053e7217ff0000b9aeebf1f6ef048b8201a2cff7868f73d2cc5a5ca3d681cfef25d90d9c8f8cef0a09ecc1a0ccaf3031d0ff00e63d9b423565fa5927e89ce402f11f0b8c4028208e05fa2434df7af18bba060675ed9b49c86bd759301762684de3b4b23f6c2f6e2d9e82e0d786aed83418601e49cfdc58ef74f8c0976f745de59829ad2b538bac6904ad346df188c585f1de0190ce6aaf973434aa016132213a66d5bf26682f3de029d2b5ef921a805797b310183226a9be2e17d507c0492eb22a5db41bcd3207a974437e0e8c1a09d93bfccd51793643bf0c88766fe1afd66e013f7bfd63ceb17c0dfade2a7db706b8a75f18ea24e2dfd5b79cac8112121e6bde326c08714f1f471dfacfcb084000cdfc2f18c555fe793db0f087a03f0626a01dfc8866bc1d680bdcc21f000f8c667465f4f2fd67132209380c2d7da89e3770d3e828469f3bde5efa2bb2f663aa9a394fcb1080a874bc127d23ab679a69ce0860f055f2dfa3e63c84a3db9c88088f60e994746c33cfd5f4320160e8d7cef7ce7a7e73e72e56159e71d278ef3bed8437a4f11deaf780b67c680f498613df1ca7b5cd79210107dc082b7f17f9972fd449bb1673fcc1bf4480deef5e3ecf7aafc3e9714309231e8def06c7eb7e8815bf8b97120577e9f4012f733ea0f714685e8bb983265a0943f386508040e0f9b3044a77f4b8b97b430687810cb034378a47ce5014208cdaf5a5de18dc28f21f44749c690efce52675fbe81276a397cac0c4aa02bf1882f22bf3f5058f1af4df193b02cdfa7fc0220521fd9fdc11a0874d8fff004c4a50cc9c9fb262f5430074ee60290bee2f24de9c8508f308fae2ded65b4decc1970ebf6b9bf520f9ed8e46c3412fae3ec0f10ac6bf0cc1f16b2875f930e04759d1be7c5664520b7624f26b1465137147132b9ad7345e43d260d3c0f5b2816f24a766f34fb951a133cd6d274b9fd66c00ca4380ef20d3e87bf46182029bb20f0f37180c36c8abfdc1c144f8577fac7a20001061cfef385636a5ddcfc61e5b877d09c13df179e78027eb355e8491da8f8de4429940821ceb9f9cd24d30d4f7f633a69df10df2ecc3405142ae7cc6eb14d6af5e4167f260ad2d2e457fb8bdf934b47eae6e00880db4fd668b56615bedfcb9ded7d83e9f1ef9320206b7e9822335b4d3f17f79c22b2585e607c60db8393552fab0c4d28d8708f538691eb05f195cb98da7db3fce06025e66dfe8c534f4d4c10104b27c0fde0b0045f53879eafdf59fce3637cea0bf988a8749703cb2a128b1157fbfff00017ee58b11a1ff00fb264ff80020d3ce09047dc780197da39c4246ebcf07be31789ec00f563c0977538c6925a176137eee2a5e30e92fce35b1907b17bcb739747cebacde32c8115420ef2620d0f171f60107093f67174286815c34cde63c079af39607128d57e58f1237d763c8e22500b9d518f9ff00b8ce52252ff878c023a9816acbfdc1e418b5e3b337441c514318e14044e538f4e70004224e6675900f9c646b69c286dd5c448350327401ff0047ce2d2b808cbeb7793e9dfda734876cf707341dc0965b0ebc62cc8008372ffee25241a1deb5bc2003e10df790e6279655a27c608a110ce5e204cc9bc4e157740d7356be81d3197f58983a8918355054198bc7be48104163a1e2f9c3244da783a47bc6ddd9a1acfd64d0a548e5cbfdc09ba73b85ddf8ce31113b21e58d4c42c15ecf6b9410227c1b7f30fd61da10f4b94102009cb37338af55b36b36ef36147a93c39c24013cba9ddfb8973642f930090574e5ce1eadfe7141135e3002f50f392e04e3e73835d43ddc79859bce08750f7713891e9cf27f60fe067a9cb3db002ff02e7a3e6fce4ac69acef1a99444cb31ae72cebcb20b73cb8c71c0f188a5210d758d6ec84e3a71bb814874d3ddc9423c39a293a7a5c120bbbf8c5a87f40e0968e4c101793ed82c14c0a6470e7a5e6fce02c056fcb95fde4e220a707999bd8c1a7a1eb8a8289b338e4717ac01010eb2aab77d3cf9c0b9c75ed9c547ff0072b4abc623549b3e1c0d872a25d7971682edeb72124ce209c0f131a9cb97df244638b9b12e066fef3973899c75e33d376f9c4421794fb86284400dedc03db7b45c1c5f687b37ace744220364cef1c6b9378c792da35c4cda34283340f1f9c6198d808d712b1ab80b7c5c9cde31b0007d387cb2c9ddd01cb973d36df271fee1bcd6669bcd0ee249c4c06e3561b079c4a016c1068b88baf2006d9ce0246b3e4f38207d80bc606028d868be70c5f602f18c811a83bc98abd70ede737c748b4d79620f5c3c87c65e8b54d77acd6824ba3af384c1d77d63c0889405e31117944d1d309aff0008e5c41d8ee006d65c1601b5ae33c930006e8afd60ba9e81c079c06f407d21bfeb0f597a1ce55855e037e5836c9b378939d1c37bc4c85749c4f381ea9d4efc7eb0f3bbe0edb8bf36d3b8986845248db7c7e338ed24930d1094a1ca79c0c04e81d6115c80006d67f866ca000ad364c411d45d74f79eaffbf2c304a86abc61d9d990723ee2bdfc2f333c4963c8f3beb0f443f829c5ff0038fdfd0ebc3bc55077694102704f7c49a380fd3bd628ae491e1e5bdf18b236d5938fce3ee36a7578c5120ac5a0c6c78fd1e26bf585e4dc4ffd31683120f135d7ae5c72e74dfa0e32f043b6bbd64d0c03ca7a375869f3f5e3830610a09be5bade1b613893f26e236d13c13e4de11511012fb5b8ebe26693e4de2432346535e995eb43ec139b9cbac25831e6ef1c0070aa2175c9e718d78444fc97f6c78d8e4d7b1b9c62c2a9db87e0f9eade66cce4dc2a6a9d5b9a9168b56fce24a036b5cc7c9e3350a1fee17fc62f374ba27edd719e79713a316e0804e238e1358410c1e01fb193c3a6784ad5c2dc383928cf26b24b872e63e2e4781669ff004ef1d38ec2b8f0e39ec5d509e94ce350590d6ade32c89d6bc5381ff38fa86bb6dbca40004d30bc37d720040bd3ae989822d6d7f471970f1ae514f31c751ac29b10546e2f7ce7984cd4d7a5735481c08fcefee08d7e974a1fefed8d52b3ebe5efed9f4320f33f17fce6c96e83e3e85d5d0fceb050f28ff7ec4bc8fa18aee09eb9b13d1f64fa9587bbf47c7353e30004c157b43e9da78bf3f436bff6fd9d86e1f1f4d7bb47e3e956b867e3284e99f4d03b4fabe40f1f500be3044bf78800c87d9b7f7042050f0d7ff4c51de93450394f5ef1d3636c2a1d71f183a1231f0123f9c549b1b2cafe3c638016854ce68af7ac392121c238f6c97697083a4b3276adb401bd5c326268af02fc7a192f6f2a85ead7ed893a11e8797fa679a3bc15f3af8c42743153d1b120c4fbff00cbace076d3d9e0c61d96025adad56192b818d479490672e1ee77ff00ac244b89e2b7f8ca5800434c30a50c43d57467924b5d2d01ec6302d00bbcb69ce2977a328380a75e71fca7ac2ffac7bacb748186998a4937b8f47bf388d6e52852dbbcb3a367640700e3f58f2026c893df071e11289ddeb9c296adb5e40d66e55be86f5afcb8635f3a3b8ec71a92e94127df9ce391da986e950c265f21d96ff9671808b42b9e72c490f32807a23353c2b10a9f487ce5219f4c7838dbe7341a9218af0d52c5b22d7da6476536ca0339ff008c57b295d58aae898b823781983c2bde2e104d80b7f59a908ddf777c9ef26218790c11e63142a71c63d72af4dabc79c5d8e80f8387e4323818822aff007fe2264fba7d67d93eafd806d1ae7e9afb6bc4aabf38088a3a4f7c21d57e7fe624af13ec0089479c0a43f7f70db5b71b7ea7389b28e64830d5d634461f8c324e6a00429f4f4c73cc044a45a1eb9491766e1b8d510d6a6a1776fa619e80ec12faf7848c76ce17b38a314b8a8df024cbb8e743c35fbd649ebaf105f7e734e203481b61f3ac57923a718b8b42832ab0dbce73d5ae886ababbc91010a109a7ae085007506b3c01ad61ddb8ad702f90cfe643adc968ef93bc5dba043536e2f9d6284ca15283b8d19ec9e37d7c380b580bf3bc497baacf250e4eb2f27a833cb0485e3c05e2ce2e2e0488095bdf7d78cb25d2a00d6b65c081d9e7ff007d313d3d1a79c1f58e16bcf92738f02e81543b5b9c2aba942e8d5f571dd37f819257216b7a673938768f6c139d9b7abaff007cd968001e8df78dc21e8fcae6afca10eeacc61076e203ad1334347102aa75f2e4e880579d6b79a8c00e04e5de5bb2a1af3f7c9754a8f2e7fbcddddb5a5dfb1857b5deb3d5dbce5c0951691f137acd2aef73eb91e761eedf7e065e3b7f511c0e3b6005dd6bfcfb8e51f4c4d0133d039f850f872e7eca93f98804eacf9cd4ff00b0ce019c0f7c0a473614f171733a7f8cf4ff00f4b8c212d4a7096bb3f3b38aa42893d33760ebf59ce8e6fcb85800759d0f6b8040bcbe72f83fc066de3fe4c970d59fd65104e3f185e956b9231715dcff004987554a3ccc1c5477ed9c78dfcb37a11fc19b075e846c3ac20ed6b73a86d6e6ac4edf3831031bfb1ffb8b19b1265b8ffa4d6220a387f1e578b8110867a870c0890f43210528fe32d54779c68ff21bcaf12b5c9295e7d70941db5f8c5e778a1bf4b830b46e70c9c3fa716453a27e317053c603a5b6deb8b4082a7ce5f80bcfdc6e8721f9c8f61ab343e304f478ab77c79c1812f2c22242e48e76509e718fd5d55279c25e52e2c0027224e73485aa2d5bc6cf18a03162832e04f05552c03e32a44ca841fee022244f6310004f24e72df7d50a17ce0a3b96335af5c2a9b6aa25314055a1050787f73965ef735af5c3678a2557a62cd3b034daf5308c1d44abd1d6136d8b704a1a46a28609280a1a6dc9ad9220bebfe724be2125d9df1921a1ea44985bcf466c7bdd60ebd3619a43c6507a0559e7028dacd868be71520923d8ce14716beb185cedb19af962367817c1acf543566abd627a11ce9707782a1cf9aae1af7cfe7c8b5360de73e41466999508288bcfe30c4ba1bc17299e8a4255d7a6260ed41d265f38b134d8cd332c3c172fa7803d31e305ae0878c37a681f2e36af495e1c49364e098f7838dbe8eabffb8458d8c7e3ee2eef74f898055b98f2f76f1d6a285703df098278862bd70218ea79c0ab841fe18c2d6a3ed87ebb744c00546338249970d7bfd713ac3913cb5ef1c25a3b7cab97f3183d06b9b0eff13055e7c83744f3928a1cb0ded0ce111363a9ce9de7007ccf59b3004b4906bbf3bc61f54813a87f7227cf0f7d653ea5b48aabcf07ce1552a4fa5d5c264948d1086f779c1eecec11d123803196d76aae9318778ba537ed83768b0e0c5194342f5bc48d071827ef13a2c2f867add476213ce014f04b831a2e811679c103dd75cadff7957a642606adaa1ab7cb791553eba7872495cd0737acabb52d8ebefce3b7488f770ddc24f9e70ec5724db848a82c3febbc65a4ef4795cf38ca672f6d130bd7389cdedde2d2913f393398dfa8e32a9092a6afce40de1c3d7ce4ebd59f506e7120819b87ae6c285fadbd192b104e3ee05ce8b85ba02948ef28646bf18bec925702f9c68dc8e8d7ae3617f0afd283ca7e7360796183781fa25b70573bbff2a7f865fb061f03f29f66b3a095fa568d8c7e9242ede3e32e7bc4b97352b6287b67adc99633404de2fd7463065f3edf647b297f181b7317e72a47863f75fb62d4acfcfde3008f7c8e1758dca02bfce1e2bc53a6dbf0606116969ec7bb3ce733bf48763c983570c8b47c0c14a083a8ff00739f3c51a4068709e88fb72ff862afd78087bc33a27716bbea70fbe06b6530f939f8c6161adc4dbd7e032d28097940fc320aacdeb97f59b59c429beef1de3b4b7b0f66063bce81435b73ce5851b02ff2b58f5bbd0b0ef1e30f7c88b28e35808d98395ad3d3e70867656a4edbc605280ee2419b6b02c0042b27dc9f3889ab821f1f0379b6980032babd63da78496f3a77d66b84dbbc1e11e737346d00ab44de1e3ab03cfafce24431eae8c2c26cf281d7e5c9a75d120979d64410c1660ee73ce0a472ff0013185399111ef5ebe70d7136de872e72c7bece82572a1a36831c72bb878338adf04be58e5aaa56c7045b361337bc9c27ae2089154b125989eb4a3e9bbf2cd3a907ec47ed90e0bcc05417fc180d84a9e6435e5966405cda56bf197cc1b4158d879d60010b285af2127ce6c726826fb758eabbaaa47af1d602201bc2ec35c7193f0d80af4df3ff0019b2c5f3ff00336d85bcbdfa7dbac993266b263050d6cc9932628daf045e5ed80000d1f599327dfafa2a46f87ce6be8c995f57f993ef0f277c9a93cc39c7c345681ea7f58f97dfc113fdcac048237ee5c511624c9abb0ab81d61043a0f56cc8a7c666c2b95bd64d8a0731bbf383020f340683572bd33b287c8e3e70dd032bfe17f79780001116acbde3723091c3b5be98a41024ffee49055c451bf379cd102b068739e4e7072b1c13e3beb852ba14adafbff0079291506d9a2accf700f413b77870095ec0edf53342ee6583965de3fb14e90fdff00f8c7855c6d39f6cd1e6277ad7a63c68d4f8c5df3a8bbf183fed137c758020634f6c2fd51dabe8e73fee39ce03fd23000773d5ebd33706ecdbc603ff45ce527adbab9700b6f6739c1407e32274d8fbe01a73f5717be68f7e1fcc904d857f39edec99eb9b7e78c54e7cf93973feebaff00fd103a4818906d3914b7eff4bf4d91cb0d5c0251bf4d7e54bef92c9c2f6fb09269fb6fd344794705011349dfd2fd975a443ee7d2016561f5b908d37fac025137de59820a3972fd140ab881240b73b6dcb32e0144ff00cfaa2dd050f6cd8ad859f584232e5c00aa4fbcb02410f636737c64f4a98ee47f9656e62e5377df79d734a41ae598ddd5f71aea9bc75cd89ef83d758a92ef12fc20afb66ebc612e986d98ecc61abe841fbcda620a2f96bffb92ceae56deecbc7c67345d8b33f2ca3371e5c2b5086779df99f1901200bb26aa3eb9389da2828e01be7bc85b6e8a0343af8c35cd4fa1c6fe302c6ba55b0e5b8374f3e64e0dbb9de5f9a508bbe9700ea408e257d76e68fc4050e89c616d3694af05261e006846ff00dc426eadbfc8718f69da5487aed9abe2eabc954cff00cc79921a1a24beec6b0a08abd87a6297640446d39673f38ec39fa9d6b3367867cdf1fb719305d74797973b0321a00e5aef8ca820c4136f1d27a6066f86b996faf38ae7048efb5c37ab82b43973cf19a4777b62ce1213d304bd4eea5e5fde444a3535c2f9cd18537ae3cbcfce4af944475d690c00acb7a5dbb7783489438417d978d64fe96aa878ddb80a24f01ffc9869b6dc9587be1ed6d624e404e304847b8d71be5c2d3bbb9e417fae3cfab5bc17cf33e302f09a24d0f2def042a15a175c0310fb89f6cfa5846ce1f7fb3a98441d393e949e0883a67dd310c4ed6f5567d67d3583947534cb80001c7d75f6cfb666beb3ec751dabf64fb815c14bebf9cd4a6e7b39fdb0649b1bba4f3ac7401af2a07be0a2c41eb3fb6701e0af872701a2107b6a7fbc6001c74e7390f35403f79a7200e336fb7387d87aa1fac0f59a76087c65f905f3b4c1d6029f8ce6475f46f5c65d3c4faaccb3a03f01ae262e22b550eb978ca90ae0ec387a62ee5e367db27408d01ecd18ccc4b6c3aef8e339f16dbc7e18aa765078935fbc541d6dff00c72912bb34fc38d6034b1f54f4eb18d5831390f206fc2658c2545769b78c16e1bbecf03acdf0d910f6ca9a3c1a6cbe3c19ae9a2d575b7662e4f2af5f9c170e265690615a4816f2ce3e9cca84df1d9ce7a5a854672b21e6fb007fd6452c937dbc0c5f02da42afb18541a05ca1dcc888d20fce304c453bebde74883cbbfc58e182761dafbe1207bd6432cc9d4f631921a2f53a3865e52b5a073c7c63884f6c50035d18fbcd02723cfe309d008797dc39bb8135bc80138e676ffee730f936628284d6996f9c01f92edc8f4ca9fb3876c16378f2e2672057956ae5b61d18ca7ae32a399fac410351539c24ac69be8c96021a3dce3f4ce29447e73793803f181fc2eeabe9854dbe4e317da8d9c1e59615badade3380611f9c5f87217e30e6d5136f03cccdd6bb55eb2a73502b5a54caef7ef7783d8a24a80f8c22efa0f8d990930b831f359dd9d8bade6f358f255391896bb551dd31c5b51b57b759c29d0ff2cb81c145693ff7024477ae7cb706243a2f738d75904abef8bc6ecbdb35ae8221de004347f167fee7c71b00ec2f9640f241437ef912d2dfc67fdcb8c5d9782975ac793c8ff31fbc785e31f98427d17fde20da2a3464993a5a22af9e714782121c8f5cd86f5975797f71541c4bd8fb8a4618eab8ff008c4c04aff73aecb3e4c5298ec73ac7a3f783f1f0bf3c6523a6cf6ca7a026a5e73789f2c24f4fd8759d43d19cb0ad4f4c10c947be1f5214348eb20cdbbfc6699e7b7a99e96b3139141bf81f41eab776ef04f97928c4c93387ce3603d1ef928f9430781bbfd7382c8ea7d31480e8afb6002223ddd32d474c7df9c478f84f9ca2c5899cd0ff0090c974000f331da6f2f9c8043e3df104c609eb7a588262857e30c1e5c9e31004d67ef0797b7ed8cf0a627a648a185b7130320f9668ce99f8c2ef4784c204abd01ed889526afc38af681d3cb88681b3d59c23457e3014f6f43d707d3d6f9c48834bf706115a2ff4717d32095e16c27ae1a9c217b70c96f06d29381d7830dd51abd9f13111a8269fe935ac51fba7219b6778fc0597dbbc05881d11ad19e8bc23a07be78a79b680e24ce65e86dee9c1ac898a1cb661a19a8e44874e3c56c60701c026467ce0a8aefbb961723146ba71ac21911b357e378b3e05e3851a9eb2004dc7c1e314c585222ad35bce5bec5ef5e931520d01af72269c60896fcf065007e41f790753a0d8e58cc428d077b9e98d4a79e02486e60503b99495ede32efe0c6b8f0c6a713296afb0c00905d66de1c7d6682fe6cdcda03a01eb8659e69c3acc85c802c1b7b0f5c04f65abc3e1e72c0229892bdf1895ad9493cc26fdf14d5e65df4a7c6730a69d97d1e33908020ef6e3a68e9bd556f9739ae8539243d66398a8de1abd1bc560d03ea60c12a1116794266c3c16d4f41ef78e82ac4bd043fde5416a91e5e3155612051e79e3f18036c8125f54cd700158a17ba1facbdb38077c7bfafde20e53fe06ea08572fd00a80f2fd11240e5c18b54da3c61381ff0078ab8e60f33e8321a3923de1a4d251f7fa224d055f6c1bb300aa4f3ff0d2cbf4318d8cfc7d50959747d1791c1d011d7d62cbf570289a7fe5373c5eacbf0199c048153de8df39bcb2a1b1bf5eb123cd0b80f566147c884b7b87395a71a5a1381302c5ebb2ede3f187093c026a71107781abeda72f5d5e720ad182b47b65c508468aecf6ca33562badf1ac681d37d8db818daa2fc131244aa43e72fed60a726de27a652edb4671ebd8c3170d4566be0a7c7d1a153d91d707f270821bdc666bf65536d7dc0b82a1cc97e54c6ac66e290e8750fce6b3123d8dae5aaddf46eebc2627785e03f90677b0a582bff981d28e66b66a1359cff18695079f7c0401410dd1c23f382a889b20cf58e4d0e150db7f3ce272ba588f3dcfc64b5b014d9d081710adb2b7cb858f80ef4875acfde5cd2d0ae8fcf59003e973586fb3bc75a4076729cf59365da955d1df3eb8143615521a6efc1927c9cae8f12bf8c4bfad9dfad86baa74aef966405da964cea82e4146d23abfdcc214287c11a3dd33a49e87cde2427a63816b0352917cf183a0a1d23e225c4a791fce751b4a43a4f1921a38c6d5ea0ede7027114ac577dcbf713ecd64fa4fb35f4d7df3eb327d6676debf7f64c9f68baf50a3ac9a15f2bcb9afa6bfe0d7d266bef10cc0859ce25eb6e900b6cc5e2b43bfb1359075409f873d7594b4952b5934eb5ce5b37d8b0de1584f431f9ce74cdfe06b79b94f04c04bbdf78d0ee3a65f66f2b4ad4fc0e6ebd2e6e3de229e938d62e26c0e4ea73af5c889841b2979d07d2b74081e659126b00ed41b9b72925593c7c75953790e40f4658b8d095ee26b296022414fe663105c442787cbdb2649954eebd4ce931f9388e0882e8d3b66b2e6317c2a9a66ecc49ca79eb85d9e3e72f616af0ffb70d5b87961eb3fc6713a4cf7cb2126dc7e34dc27bc6bfe7ce26a5a04e76f5b93edc2ea6bcb325a94d96e5e37dbcf2bd6214235ba80e64e30481206fef68de4e9430795c95b9128d1e10c34659afe444f44ca113b2b2f9d671876efa779ac6c2cc114231de9eb3020ee8bef66b5bc5c2317674f27ae69d1e3c8fc4c8ee4c8b1dfc9d4cd165a1d47766258f2def8169f8317268438d3db5bc2b6ce1e36e6e0b4272f17eb7f70ceaa5d3bb9d7bc8f7bb7374739cf03e33866843e72c9af23b2a99a340b4bc9eb0c8804335d2b283a662755428f3db0811f4bad62d0ac42bc6221ac41178ed31b69d3e062d1cb76d570513ce0bd643281c470cd2ee3df26821239e70f3d90fb66a1bedbcb3e1247c62a3a05be079cd33b6bf39bfdc1d7a6f181c6561def3447082769e70da2a412e8ed810f240ec2671c3e6a3cdf38004cad760d34a6088769fce2e9cc9f89fe71d4052c0001d6275d82974e17dcc0dbc5f1825f98ae1820aa23b3170b41dfbe2513ce056305f172bcb43577ace46b9fc612d0bd8c71ea42f2db7ce13ef6afc66cbebf9a4cdbb8eb7d3c634b68d8f2b262da1e463cdc5b985b5a4e18b4ed6edaae0645a9be9eb35acb3f5f70dd21c7e734779c187487b76f182cf725bde24151c3ed89129e6759eb025bde0b4092fc1820a779105e78c284888df3309920207b702d805dbc65a85d45e2e5a303ce3022f05f182a4d0bb71910302df6f580ccae13252bd10184b68530f907c1895baf9de3200f0c8f6157c72706420317d5c2253e94498522bbe0c58c029478b890407788950787db0680ac0be71d490afb33941a6ab6af59bbac2a5f189050bc6f3480481be572b7070fa8e2e0011a383065e05c9880405e6609afb8719a7b8e1c4150e4f38185791e32d8859f9c5b40806f952e77a851e263449720eae3e001de486c387db1ae5748ee644b502b7bf18a10787afdc0331881668c43a6cdb2378d759202a81badbd3bce06e87c432de942de45b9e1e305941881a9ab876fcb8c55ba4a341e758d777d03d0c8961377a6693b1af03fa652d3fd4430aba156af4b8cd4dc23c19c6116fc64b524a7ab8c0d48f4b387671881c5367850dcf19e4f36eeede71f30226a41aef1c1f07c31670157c3486bac6f13abe7970f6f594811d24c4945f066da778c2d775a6887d0bb17e49ee4d6382540265aae18814e3700c504a98b3ac571c22de3ceb36cd6cfe83f98d114e8a36ed3c65dee756d9b3f186a5f1b636ef580c67438bb1261c5177de67063e26258a79677805744c96deaa7c1c4c596040b9084b7423481e19858a4af639fd601bad2926cdf1ef88632b7ee73420c0b59c66bf97f66628ab9b1b1b77358ea4d9ecbff0059ea259fe5ce895f96dadd6f035a1b1fcbf58787754efd1facad59c3e0ff00effc244ae587ce52cbcfd8b4853ac0023a78fa08513cbed8292894fb687782253eaa0570011a3c3ff1dca25fa0b558a7e3ece510c66b2a53e3e93eb4bcef10e5fb2645a3e0ff00c25894e74f06f176c5d8dd2ccb5a491c72dadebc646901b1d71ce699725ed7971c3b416135bdee61cc26c66ab494c104079cd87a6c7a3ae4f3d55090df698ed6a391796b6e0621a5eac1ff00dca4a5e4bcbecf5cbe2b756a327b4c771704d55ccc9b606793db4dce17002090dffb310bd13da4c114a901b699b550bbf4087b6ee6aad21c867b35809a1a9ddd36e0d5358e8d26102859d2ba3d7590a561e0c803a00c9787eb22d905def78dabe17c950f8339dced0d6de1de416539e53d3a7138c0ece433d098ae8ec17adf471f9446ed1a37fbc0994c42f38680e2b689cbf8e1a6d1a31474625644b9bb974d982b4ebd713814ebf654d75bd62e16cce99ce2d0d18dd1e0274e3ca885911bd79ca64f187610dcc6e4474cf6c69bd2e5a15c04265265056616ca02de57ce2056cf7a1fe53207f023957b6b59bb4c0abc1bc1a6f13caa35359c21fe08ff00795c662b4e83060fb4d1eb1db93bb081e577dcfb89f4d7d27d9acd64c9f4f755a73fbc8eed5b5dbc64cd64c9933593e93264cd20e76e6b35933593eb3e9ac9f49f498176f28f27d266b359ac9932193264c9f7072090ace72ed1f0c7b9adf3956145a113cf4cafbd072e92dcb5067c0bf19c07006dbbe8f9cd478cf3339d4f07ff00ac0ee535a66a0dff006387f04571f8c5d37872f18a5009d2e74eff00cb8e89ea1ede30e3ff00f62002a00e57228a7637e88893062de1c4c317c5131b822efe9d3b4b2ef1300ba31e3ec110469ff00dc071026e575ff0889afa55213ffe08b2efc7fc850005fa21fbcb523c836fc8e166f8de690ee0dc38683d632175946db66cc119a1ea05bf45816df838ddcd46978f6f3ce1ba829aa6f175fccdbc1949272f5eb2dc62907c3a18ef1f527b5da1c1de0cfad5cfc03d7e30a908987addb7f8cabfd24937e71b5ad244bfb862b4e31e27e38c670040e85ef18b928921e2778d8643c9a6fc70a6e996bd0fa70385b1a5a6f8b70228a0b61f1fef8b9980edef3fc64c1b801d93938de4991a99221cf3887442e21191e9e1ff00783774275e7e383910450697c4c0136f2ba3b718c706fec6bfd9cae21bd072ebe71fb9306800af8e1e5f360b3de624a04808af56fbeb2efc6d491fbc31c10af173b348e897a71336d5d05bf37c634bc5406a15c5240d53420f139f4c444768566d07253c6701de8241d272fce1db63b7ff00996b392bbb8937f9c145e8450d98f18c4298507cf1323de2408a9df7d672fa068879779bda6c8f33cc39c011a07452b8f39688021c5d15b7be144dbe20bebd7a7dc0d00f0973974df3f45f7f6ce304b61c33785a2753f3800068c9a00c8e5f4d718a9d470cde020174c0effb90404f194f5dce187988921d7ae7edf4deb019a6b018c7a9707800cfe196f07400ed8672a3778c57e1b5c67f3cb78204071ae33e209c758a718f0de71e9ac02253c6736bc475d62ed51938c81b0cd9617ce01d7ff71344a49260e020e21266d8e714c53c7b737ac35e9ae32598f09715867e0e337ba737040501d8d6fbfd63bc7f438cfe386f38dfbba3359c1bf8c1828e44e7058018b8d47737900016c8473c330a79c00809ede303882dd99081b259d7dc2f38cbe11735ae819c5bfe18906e60eb87f31c06a4d4afce3269786b5eebeb8c3e057e30df028b06bdf578f5cdb7a43d36b3ac8f0501ad5d7f9899cc5475baf9cbab9a14f47341f8cb68d19ad1f7cda6b7f17ae01918d9ea79c1ca307a3cb83bdb5268d35e728795a1347e71ca7d044db1b4d57f21ff0098cae02bf1835895306be38bc7ae6c3b61e9b59d391e22035abaff00322735b75baf9cacd664e16e238a381e99ca4ecf2b9c90235923db1d11ca59b3e30c6e500675de468d27587d003269f47ce2eb2d2dd75fbc4b449d8f0776ccdae6deb578c85959b71d207a7e1ce201bd8ef5bc7b9841f4bf9cd811b7507feb965e09469bdcf3ae7bc6e03a6c9a0ef9cda54013367e7fb8a22526b63c3d30396f8c36bdf9f1859add475a4f99805080a0e6ba568289ab90dcaa8084b8733083cd04862e9168138fbb1a11f0a6cf1ceb4e22c6fc1c63aea4494fb8e56d869e8dc5d22c4f18aaf6de02ddc317946867e717bec38c64f023f3945528e92eb3b68a980b8da0e5b9e4ff000c07a16a436f9c409ca2629781c3d7ae45410a07999c269bf8eb021316abc73c67cc35157df393c0fda19cabfdb99161e10e5f6ce170239517d8484b9d8451602e3703979793fc301e483510dbefd6413dd47e00fc1869ba65f3ac1835afc8ff0059b7848fa7ae548ae97db0edf7d7ab8b1f80bb5e70e7ce6f0baf5c1745e117e7ce7046bc08fb3ae3207416b53e8a1a9a4637ea823436b7000180d14d8f3b64049f2168f381ae41c7bf206bca4f89c60f775380eee076abf2aebf99dd11719b5c10ba2670755bc28fbe2ae35221d7f18ee29b238b8005e89e34e1a630038e078fd62956a9fe98a720e238fb840ab8389b3d73d266a136335bca10339988b42bd5cd93553bd67d6313636f7c01475e7232851c267a6c4081657b716d5b81ceb341677be3348e8786f3863822fc60968834e5435ce08c15f19a71ca04e8bde2f4e9a11d622822bc172956c5d7b6281eff00c656833c62c5e63ae64ce6159346e2834f5b5deaf39c95b48fa62a392d109f9c4c82283cef1289a15304f0a19def10d1be2e257ab9df182ec1894a77c6f2ba17c62c08178cba6cc8bcf6070da873a47a33831f6c8fd988f7ca68faae52893ce71cfb63c5c1c52473be3163b14f54cd700505ee67082f8b90a05f2e740be2e5ee3a21f9fb89835bf860cc0bebd6d0c7791093b0efb9916523e86ba38ef081db9372b3db063217d2871be734af7c6416d5c16c696c4c841bfacef47ed903c353d6ee62ed8be227d2e5b6951fa9c60e5d343aece0ccde8d4a9cbc7b65cc4aa7387869ce6cab8b689ffbd669e9d3fe0657c4108db8047ce2b937dd3931787ea8e5ee9e322852692f97f86026620a75d3bcb79e17c973935d37af9eff009900218277315216440c374f971b5c2582210e5c869e22375d729d61d4dd2f9c4a2a82811e7f38ad7300d6528137e99b1bbe52af2759ce6fc80e3360b5e2da7098f5268139cdb67ae0545b00494de6dd0468434fbdb72f6787257c2759ba108ad20fd8e68448aa9b7c4cd47542a5437b9718eaa4cf4c3a3aa13b7c3cfe737185ec343ce38fbb346c38cb23a645f3c53d38ba4e94a72fe326de0a529671b99cb7bdd2a3d38c1e9435e8d7fecc32f8cbf9b9de1921df6356e93ac9e16db716b7cef24a16afc1a7e8677c9cb2abdbee14256645977f689d7fc7afb08f1bfb29c5c11046e2873f550368652cbf46c372425fa3a37801227d5439d7d130fd05de51e1fa51fa0acb785dfd9436baff0088f7e1f36c6273ac1ef06c6b0ba23d14a1bf5b87f8cf7739464adf1e49c718a4f14d0b1fae70d056d7ce383541005bee98200f165cd38533b502686dc627b4f71d645f284d1bf39e5037d0b30eb4a80d3b7b13063e2926878c4773ef9c6df2f867034a4000c095d1901ac0610e5d101e989696dbeb1bc5a49d64df0c375a049c2dff0058de81025fdeb02e89ec10c29c4d759515acdb9a2d68557dea7797530727baadfc657236ea71a9faceca9e014b8c408486fbf2726605aa503c7af1977ad8dde01b7b528d1a791ce1e385b53d0c8782b3424adf9eb36aa011b1e8b3af384b8950f0f18a39349b0f9862c5102368aff73f1617cbfe323dd27393dcbee9819d484f177fe7240753836b782765dd9af093ac433734f8bab9ae0e5f2deab91ee924348de3c1bc584d1bcc9b7bbf8335cdfc8bad8bd778f85087e7ff00cc7bc7702005e872e701ba1b7909fe3231f3ccfcf3e18dd98c410f1f702441ce1c10a54c3eae406dc4824e476679feba326d31a51ab9210c580da374cdc3bce18d62aad3cc0bf8c5392e7a2e6fce68c3b41bb820107004972e6eb6c05cf5756c5c548cb4e3af182021d043144e1c52ccfe276f02502f246f20ac3790c1b60b9bdeee48d5dfd3a0cf19fc47dfe71104702718a032684ebc67a288098c882831f7c2d0e5a8973871ec629aa914d98226f20738742add1300680ffee2b53928b9e879bf262535720db9acd5bf806f14ebc4f8c7f5cdfd642848435c18822251c6a53e408e0a00a80719dd1918db9ec67a4c1218f0971455c04432ae6089ad27ae6d6c36b15c0b601a9f70c12541abcb84643a04b5eb7ac9ecbe3cfc6ffb82c393e1a42f999ad5db14fe97ac95e1ae869c6a3fdc95da45d69f97f31d6be698d0e7bc70ac232887cfae5669db86c7d9c7841bff004bdf3c3d71e580a04c9cd5e373ac0229def313e67ef082621798e6fbe342bd537af0e70b841ec62084d833971de7024d59a7e5fcc40ec978650be6f5e307a9e81011bece4843a17827a23906504e1a9f333d3df4b91b373ebfd2e36364b9c34f3846097a79d669c182e9bfbcf7847679773062857607af7942a8f4719c3520d28f5390a49d013979d99cb429a323c6ee506a90743e77928e8206e8bdb804a3df90547b9fbc13cd8f1cbcd7e883de86b2f3e6feb1fa3e84efde64b47a0f1cbd738021beed717ccfde3af2d6d69eb5c601b95f7c02caa3b107bfb60af04df1afdff32a71c14dbf0e739c1aaba308000819da136f8ce4114ba66a77ccc9621b9ad0f1bfee53d15ddadf36627fc47ee7f3266f91911fbfb8b12f77ea6736f1df2bde20ae5970e271f39414fe516335dd86bb60e251372718aa0ac2c5df573453d046638a7041d0bb702a5f535ac414ce0f58e018f278ab89e035f049321737249befd3042780866f5b7328d9e7e72590016230c822548ce2ee25e5d0fe3ac438a22517d7bc9f514ba82f1c677b0a1475d9f39c09a9810fd6462e82fe379ca0fc82e1b40adf61ff00cce308ca85481ffebdf36654b63cbc5e301abd927868c843144b8e892703a1e2f1904deae9fe7367a068903177c4b478f5c082da498e7fd4324695f6c54571ac2ebd706d786e79c7684728bbf5c42160d4bc625557a47e1c9141a340f54c7524184399940f24cd75a49b2738ed84d3053dd8bdda8f4b8892d83f2b9424b865909337da4edf7c4610bc80a7979c0194d293378a36eb7651098f02b0483f714c489d185cba97db35d89949705d2800fb62134de2872e69b192eccd762671e9bcd9232982837bce5635ce20c414f9cd7c2187ef0df5bc4f9c6c94b8cb6dae3d32b634b3d0ceec831eae00511cd92973d260fd987899aec671ac143dbff71e4264988c3fcb6439de2872e6ab18620036e0b3cb8c0c1e8fc670f2f0382a282c397284e80129837ee466f5c67e22e7a6fce6c94b9e9b044d261b7723379757005080d2ebbe71d099d6bb8c9ce051742f49a139fa034692bd6fee223a03edcef03bf35f5f6c1398502681e3df03ae06104af4cda2240614a649036b3824c8d003d79313cc5a1ffdc43c019d55b714f9bb9f0679f012d5e9f6ce21876848bbf6c5ba7757c387e8c9c89559b5e38ca7ac87bbac88721827b9c49c1814e3b980428042540793df000bc034ba3f58647848750f39449428d7b08f3c601a741c57cf18c65ae8bc3ce3cdc3c0342aff007198f2b640e7d0c1ad0074d57998a824581c794f5c52010fb76cfdb022e474ab7979de2cba5c85035ae33406454356dc7969c183ce9e78c66d51d7522e3e30809f18da021134ba73f39ea00f5b7dfc622da6934bc7b7a18987a49c3c3963cd4d6d5a1f9c807843a03c1e72746b75ed8456e4ba7c707ef0d6a8efdef7165382bff6738b015e36a718b9500e1b65fd648696deb59da66f4e28f1704de854efa3051b61f8c4e92f2495e4c35c415ed1bc2864b4ce1b2621cd495d5cd85d4d9cdeefdc2815619a0693ec128182253e8b3e9bd0561f8fa209130886be13edd7fc204413eb4b2efecd882bdfb7daa1f7c5d1f14b324fa5bf5729f79ff958e5fd18043643dd3bfe6230744e150fcae2cee3d0e58fbc6949430567bfefe1b100f8a59fef03214b474c245add9c717f8c842c252f3d723255384003079f7c99c2365f598f70ac389212b081b1f388e934ce6207e30ac310d0fe978ce1da52091e11302381ba0b0f81879752703ffdcc3cee28bb503f58dd345f764fa403cc9ddc56f45dd07831dda114b79ffb800c3c2f41ac8e11006c0e3fb8950d2c6aedd0bd61649bf90710ee485e01861da0353c5c3e5278501b9660d3c756173ae533a2ee89ff006704a77798f2e12a748ec393cdcf2f42385c2d52f7e0327c089e11c672136f73817989a7139fd64b2d002801e75ce73f13789fe4882271ce6c66c8d77b0fc3354410396b97ef2a11c1bcdb3f993f5f34d7fef8a0d854d874df7eb1d120d636987028112f7159ef967f72d7219c6cae9e232add214c21ce5b4e5cbfdcdc20f2d50ecddfb8511419c63ce0e07971023705436d8fc19c2404c2cd1e10b85ba9b464f1dbde0521271ae2e7ad7704f562c4cf347e182104f3c7e58082e602b83c16d806fe93fe576efdf37395ba2e260ff44c612fc82cc6c9b4d84d62c0cf3a3f0cdff292f8b9d6651b7f94e723ed224cff00dbef2cbfbbfd999e28e37e264713da45173029f4097bcf960c3bf0cd7c60000719b5c96345c549310a3466c8a43570f392f4dc438c08e5d22b7ce050ff0044c2c27ec05fee697ba9aebc7d0501aa50ef0e03340876f7f40c80f4df9628754d253f1870035e3ce2a1220a34677d1cb36cc6e1b5e0bac0813c91bc0d40dabeb8f80f0538be32e6ef9817f19e8e69299d53ec77e739504025fb800a2d400f2e3840a8c693d9cf8523ad165d3eb8683242f5a2b81750469b1f6c13e4fbd5eb00a859be072e2e08bc901039ce3f6043f19ef8ff00adbc0beb9b1d48e6f743f983674e2373de604e4ebc69eb8863c80aeabd653d40686f7e7d73b35054355eb042727c3685f3335f924134f5ae3c641944f9322ef5ff0041eb87b13469b1f6b8880015e1f25f871ae264654fe1852bd07d75977042959f065754b5340e7586a3cd802839cedff94c5ef1adc2eb06872f46c650541a3b9fbc8ba3be35fdccdae9528dff00ed95d9f223bf6cd50b89a620be7d310944966b5ae311e5aad4e19fef1cb66c123c3204e42391b7f985e59683778e2e09c2411bd9c10fce0a85719c8b37cb9c33e9e0b0cdef14a50dc3cee612fc5b6cbe663b920f4d9a799cb8a0d9fea33ac9b16ed1a4e0b8b77734915ff571dae5ec53c1cb25cd77c2879ff84179e767af192f53ce77df0389723427a60de2ea72bde7a7ac47f580877cb617e5339def05247faca57285c251046ce046f17009103e41d986bf213e12eff7963d0a5ab84f69ec2319905d0103017249d9b6f39af1ecb43e89814601a9015735b881c13bde152779238e0d5f81f45dfe7363580f69888b04da946ea6188da25eabbca0db01c755fef06ef49ecf9cba99e4c92e56c393935eb9a999b9147fbe7070012247961a7848497fb8daca29ae91d8f3c64b51bb10dfa1958ce859e1afe70c41bae9e1e96fc29757d5ca2a597a602dc4b4f2637f59ca3cca7a2ff709b047f33fd66abb3a8130d56a11cb7d5b88ce9b5abff46233a01394ddbf392de76b43e899614cd727a0c214566f8e77fbc4b82a47a7839a3e89076c004e2a6bf3bc521dfc69674f6c81236a6adf4c203f2f95dfff00866bff00e39f6ebfe00fff0073ffc4002a100101000300020202030002030101010101110021314151617110812091a130b150c1d140f0e1f1ffda0008010100013f10e3f7ff009ceff7f81c850953c05f2e02f448d6c9443961574fee3b7c4c46b4df301b1d9ef50d196ed5b9d4192d3c6157d4b281702cdc539e7277a33b801a473ee641e1bc8761f58818a0b9164df58c0cc8d01d3929f88046625d6cc0ba039338fef18007cc8dbd323face5a6f9bc918a5f596cd8229d7d1936535883c99e789eee6b4bfccf796e0cbf3808843b96182d1943e7009a47379da7095489fdb91c8c41b5032436f3e682cee4cb13ddc9d69be7ce7c5288555030b710fcd5e32ae0dcbe583afee642e917d62acde943ecbbf10c78749a5d241b6937912c4f77124d37f38e94fd8af00c56fa12c35c43e38c710750c9dda0fbe9cb261507bb4cd5627bb9b9540ae0fd25f8b73e36fe70de53f877fbc7b8fcaf29752909c18131972148a4086982670061e7a102e323dced36c8a1668c60283c221b7c1067a7e94155fd6a6696cc1b0c25fab1b4b9b03b6794475924f7622576bc0fb97129b5300d06b430428a7f74fac723f66b2c51add97b0c419b106143432e6f860304b0972526cfa334eca5071f6f023ac71303b4f0b5af76e34381feb087917cb01acf12a6c0f6ea171a6739601628695637b8b813605d1f927225cb2456d7e2eb4638f6b99ba8be3402616f250f21062e642c4357b3e7cb85c7b5048145a30298119b622a0481819cb04c91dacb94eac4823316aaa6324feb44fd204c7840e8d8efd3bc60330e556bf9ec6e1641401000a868572aa85a9541f4d04f1ac2d94f4b855946bae5de2f8ca10452490713169e2faebd2f31051a4cbb9bc755f4e6a0c07b1b58a3d8600c0995e03a4aeb0d95e23a50b786024cc612d77f879e6b0b34774a0aacad6fae17fa2409547ef02a93082dd83d4dfb61a4715a92a70d634f21a10e8ec6953de5c8212d0ed223df5898226a93f2d5977283a540a9b07ac657c0a50c662f8484cd90e07d8125c0ca62a77413b0f6e089a60070a0ff0099e6441a401f43bd60b1286785d57f0eff0079e7140550301001e26ff1321f89f89f6c02c7de116008070c01540f6e7d628329bfc815094e993f838a505eff0029ff0008c74243be0c87e27e01360f3f830c15322f97e18d3562be49801039a327f098a1e8dff0eff79e726881c8d39fb59842898a1a22bee60ba88d8d0e5fd38c563aaec443f25c2f5121169e0443b4c214831de5d53de56efa2ccd6eebb32efaefab7deddd64359348cd0888976e30e3065815679cb47591d3acf1b64d1d0d9645e6065895df8c25f87037103683150930df404afac509f2226d51d81bdf0c2e0624276a2da8336d101621598bc9204ec705135e714fe030e1abfe07ef01831236fbeefb31794abdf0744bd0c9f3dd2c4368243170260682db17632630c080956082772ef37e03dc0068fd387021a130d805cd477feed060d6a777d4b6ea15c178a7dac669c202762bb375ce338f8cf29b98b75accb2476f9c7bc31be3a18a3494e9b9d57e59fab93a50d16ced75d99084c6d145743e93200e5f53aa23a46b35684e15e82f4c9aef9f2341645ab944f5cbe0a1474eb03a8b0a1a0a7d18861c7bee9bfad397be1434676d09c987efcb68cd03031790001f32050ea75c90e90446aded13d61b20a17d7bce1692062d55571d6dee293bfe0b898f0e0416d5d44991db5410351df5575ee6477f95d0940cb5c0a8d4b1bed6f641ecc741b14a13a7440dd7f0eff78f70b150000f0ef09b345c286e5f58a5214d0554d7c25c3928050678bef16b24b81441c3e0080680c08be4a35a9dcf20c02101e988d22a107fac2eb1a080fef1c4e8d093d3eb1be980a2742626d8ec23c09e8c97f453fd60530223e4c06c18120e887f46b03af8c3d1b70cd910c07e8ce187414fef0b3ac480428ec5981868c837d7eb04a481110409f06024e0435fbc62f61021787f587bbc6137bbf786255081ec9f78b2daaca9f33363d0622539ace644015fbc28ab0304fb3a339257f8b88df2de2758b400695fe130384c686cf4facd2d981473ced178e883ecde19310065071bc04abcceced7ce2865d08a743fac0812f2045b43e3592054b0476efdef145b4f5269b7dc30b1a40206142381543d5c02d0a08a1ed71bbe2a007fac458d5654f8bcc12b30069e03d63b02889e13378849af4f5ac4825152a3253f4ccb8680010d1d1fbc3da604c45413edc241ac813c87d64899c994f03327694840d5bfc3bfde3dc698d8c5d97860d526243b63b7ed264314e402e08f8603d8661243e5b70e8a7200b4e9bf477196aec20553a74c0616a274a29eb96db9702ca5e2470d98840274a5ef3e8c4a18ad4858f985c524d9208561d79be72272007a22937243359e0401e125eae8c5436e2078348a26f0110076d702e1849408838dff00d7b3292142090c4ebe6eaeb283444122a05f4e78cbd1d1e9ec911b721281a2774f3f678b80e9a183c31c2d7d62d751d0bf15b7596258657808bcc3286542157793fade28a3690283bb26b59d8058348d0df5bcc3641ca009f4a605dfc06a7e301647811615b9e729b4f62305de0029507cc437e3991656250efec6456989528b5ff191d8ad505bb0ddf18bfc36503e016f419e012d62c845f7a8c7289002457b764cb222963d31f720d11a82d4c05c65fc3a4f6f0ec9f8a7bc31e86dfbd62f7edb8ab66beb2cd6723570777afe0469a9046e795e93987ea8e14d16a7c992121382aac01fb73739f200b451c126ae86e4369fbc016ec406c368c90ee5a004b3437537aef198b9927912bc29dd7f0eff0078f739bebe6ad07fddc88260418b6c59bdeb0b23e4fb461d91b6bbc1827730a20d1c198b7d06c5737dd43418008e185050bbb36679000c75241bab76b92eafff000e513def204c636082fd5662bc2b83a896f898aeb82c4801a4340903142f6f0270375fef14158ee9040ad78aa76e0e68161728a146f84c30934821aaa51e9a32d96599fd25c29093d74a5153a888e2cff181d1a3af5181dc990868d0b77f286b2a44e0f44a844492e118c4092b1b21f4c091b3043e1d35ed198803b5f4be52a4d5cac0e20baf7687cebf1d7410de8b7adb83e2bb516b44af38c59760b7815960c1b9954ba7b3498f2d86589250b80f10a2a52a039fe03b4260155b02dcdeba60e303c55353be70545f594b43e021a971bbe51274aeea9ab90ecf93745ad2737ef04d098cadfdbaef7853da7942314f56fbfc075929e9f2b432e4c00812b9de598f31424d89a9eac66233e0a1feb63020eb4d696585f00fe0916f5ec36eb4f81bc001ba9895e5fdbbc7ea4bd7087fadcb53a546dffc59d18606a0da6aea0e43c0cd61aad181eb21572af482477b6fb99c4524858a80c399afcf7fbcf39a5a1e92feb6723f0a7bfc2d1b4c0a0faeb0009e4a6a66b185b6a893ecf0cd65dfe18e5bf80083ff007975f802aa01b570644e05302f0f33c6010e252eb172eb0f97e1d8293425fd15fc36c82a449af6c87ef3ce3f87562b278f9d730698b8b2f4a418f4180badb904e41d9a5683a2697256b2a00d37ff0042b86d2804c7232822eb8bb8bbf8d6301b5680c5abe346015e3405f03adfc8669ded8fc3327b4f061e1abf29df0a7e2f86a9e195d0b0de8c103e3b87d1a50be679fc511047d307fe9c58d4f858fb7d1942449dd61a05068d7a7e47e5758747b6e24cd9ba0082fb697594fc78fcf7fbc7b8b9eafe8d3fe0c26f88fa56dec1e30714e9f07d9b40d60283206b7ac73b8703036d9df80af62e52c4e80806fb6f4e2142401447423421a994b3326dfb17aef7bc3b1e84d21fd70060dc440041bd3ab7b91c86887090f4da190181f37a0d70f7bc10d5ce8b3df6f604c27a5ad7c645a1f96643e7db468770035317bf71609e48b751d60419343c177fe18a24d68e68f603881ac2f63883c2026bb070799e15b83e9310521d025d9f4ae94ee0758f9cb495eee87064d5da06da37d9e71bc33ddd8bd1ebc19bc0546ba18ff4c32311a56c9e5631534b10a0bf2458735d398209ba1536c6f945f25d8533eae06e9d507db83a6d74e46fa83fc29700aa982a72b63994e3c13047b0194e5ede5cf066ebb2fa2da419ee2e22422c35d01e940834e68e02ac345ec7870e8a1c6a2087ed81d6e4f28380143bae05b0b598799ee8b9dce7952c0da50185c5a606f879ef3b92ec0697cd3fa58ce5bfdcd109da7a996e3c035ce091322b9fe3387b2ae34659059be41b27329d4575279caeeb824e20909c23e20385d0e8e29f53d1af181e6aae0ab1f7bb13d62f9054373aafb6e12980a52efa7bb8623294037dd57c217b90ed0e86595e50b0f2e19aa8fbe15f42cfe1dfef1efe10fc6bfe019327e26215153d0fe1327f0b9ef3c64fe57c66bf14f3f8993f33f81e7f3e33e7f01d1040f9315b0743f877fbc7b8ba287ceec6be7590111913150f7bdbf79c63749750bb1deadc38a0068b5541f191a23e840aab8c798bf389b1be895605e993d9214a287789b713840dc9b71ed89d00e822f6d2370ec9ef9d62df0cc34de9c6a2236d27241b3242cacbb00b324965c12933d46a65048912b9a3c3b9b7b89667a2b8b7a4c392925c28506ed21ad15635dcf0be7b8b832f83c58d1e5a1203493140446dda6f7bb026684d40426085d6cc50b8c584cef4d0cd81f4a52368dd64426f9e0f93f46f1f0d14a3c9f0523bde13988d21e8030f5db7e0dbfa604741bb7887c07208601a6c4ef7d570c40fd582630ce1171a12e8609f268ac0a1bf1839e65483b7c1a7322772016daa1d3031f77da41f0084383184fe50ea976e6900abe49bc33ef0c3d8186ea0b9a03c88334a0512873fc8f2255fbd4c4f465e94006bfd430caf2a3379f751827f3605a955026f9ac69514c8bda830652c25e6140690317ba62b40bb6bca4c5857c172b2c94e6bc250430adcb14139173a7263a34d2536d0f3a8c6a1212eb30b09865c2bd4836ba8b0d3829010881e293a2e0c84c6e2a17d507b83380681e95ef7e260fe7bfde3dc3cc19459c13e7118a39f436fceb2b0a8914e3d61375115c987a4121a186929ac1c7ac0750b68e022fdef0a261007c3ef01d45b47295fbde6b98c851c579a28a0debb3f78b277051e787161428271d600421ce7f6fbc68b944c76b3f6e5b428ec4cf0661076730f1836cde0085e076ea62c30a86b49acb2314f1e9f59b2a7a3c0c3a104f59a59bc8e747fdcde65186a9cce6aa93e1d4c0c10003ed51c04a9411be89f5819b3d7a703a8808dbc1fd64ada0c4d607df8a6c2d99ad3437277dbef2708ae1d4ab84048806f0a5d821af05c5c256322343510fab850e727130e1eb37f8c1c60200e60ac708ecf9bb35d6200682c6af193299787edfde0a07ea266df060bec3eb78546a17a905233145c08c3ecc5d3d24c7bba1969713eb1bc2a89b5eb021be68b2facb18cda70f59e0f691dba99fd283d94fe9ca2bdebafa5fbcb1df836dfe1dfef1ee13fc77a61af55c2835c571aceb199280d090c11f3d18b0b68804e73ef06d316bd0f17bcb8be8987b2b905965f6007e7bc096bbea03f5334a8381c7a5f8bab9aa03caa94fd170102f0b5eebd606042528153d066f2242602b27ba98fd4ecbbf5687a99629402ee913ddc2e3aba3d91eb0b97da0434ae0b2d0c47578f85c62c6e451707ab8f0babb09d3850c596c34f8eb06a722ec274e059339b12988f642255f1f1c842003dbe87e30e66813b32180841c4d6f7ac78a8faa5caf463ac9ab3d7abef78a749484e9c182280ee200fedc0a10f12850707d88be77127c18e4020b081489ef58a176ecd68fd14607414f9045f5de39d65c35a23ef16b2320557e30536c1695ca3e1c3a92ed110faf79a33dd5bf7887ad634b82f90a07e3dcb7f6f0808ff007c6a0d322a7007bcb31a10c135d62547453cda4f9eb128490067db2b5065f478f5bc18388de705f59212d54b68079d870821ea01d6b1b06ed79bcfa6b18dafabbea603f41621282fce507d77b06cbfc3bfde3dcf0a9645d081fdb7229a767c5ca58e11267af7c778fce1f516b5ad29c3e5feb07864f77ac51bc09b105276bf30b9b1f2e375e9b69da264d3944c0400ba65d747c31653beb7b963bfd41c9298ba3a679123bf5394d5dd2c69ebae095dd4428c84a37664dffc65ebc0a24f2b9b0dbd756ad20ddd93203c2db22498c1931bd68bc74f00180cc20af75d11fbb8522b9e8249a49fa327465ab699ac0fd8e3ee680324aa532a15cfb1af303ee8e150a55358c68a6a4b9b8536d14247135eb0330da64f6b554d53028c8ab7de414ae12787442a520843d68988fd589a5cb416e1514ad856d06fd77583ec7b2baa7a1d1bc435ea221c7a1f46262776c1a575136eb6cc61f55728cc082718f9a3036afd000fac699041328884449b3759ad2c049851d5f38e36d34061df48e25ae5fbcaa8be43008bda904d25f3ad649651bbe47b50cd981015449d7022f5daae70cc3c06f617dd64d648c93edb4dc92dc159d0e1c2447b298de9d1825361e6a4b6600f853043a40b7e558e207643c91103ea6276eee3286407e4386b74b389cebe3b81a034e5193441041f59d1865ce822909d9313bcf9e063cfca2dc3817a7d0d04a852fa2e516b02afbbd6c576e7723157b6d5553e27f0eff78f712b20760bfe197e71f1410afb50fc533572e1a8400be57c633ce5cd9af89d3ff4a65cb5f6aa6ac6bfac0a3b34b942bfad65c044042bed80fedc628a5a75534fe9cbf85c405b720cd7cf8cb83e2088557099bb4859a5afae65cfde5c11081a79d01975975780178ae722129a4d6582b10f72fe02d5d878fc360028685da868c32e2e2ff6cc07a557f126d6ac9e7afc1c8515be95131c35d144dfefbf8ea315aeb67acb9700c58ae8cd777e3b94fc2158057559823c12facb9cfcf7fbc7b8c9c9e0e68ff832fc26c6cb3f23ce16a364f692c23c3e463fd42054f306e256b0f0438c625f92a60b0ae0d7ac1165d04c10da2ec6d17a812e0696dfb14d240cb8280ab54044725eeb1960f1d8aea97480e2294e1af1a22b6208e6dea74f0054dbeae1b8a37369a63e074ce9ed6df8551b7008d2d525b25bec5c4f70b7122975a2e2378d62c636f54026306061c18d6aca3f46a606e902f74b849ca75154c8fd9d4c3c23a466d11f475f18880e69d354216caf661de43c00a15d5c2bae6aae8fb049e7970817aa240986b7075bc18ba6a8939e51dbcb86801da9f930fbe6c090bdd01ad5f2bbc9bb0d61a212ff00861c0defca0215036b8b550fa61bc30f218840dcb3aac8ae1a8f26690af890fdb58829665a7497c0cb8db28cf25cbdedac3704a723d57b157be70c83f92101d1e2fa32253657d1d6052203833d42072a2fe1999aca8a624d9365d771edccd1d8ac547e172114c3e35681fce16d13240323530541778d2e69d2d8513680e00dc8882d678ae55320817b1a18e229c2308468637da04cbc322245d77cafd516ca185ed2cc3909cd0d598190c35b5dd4fa9bc4433611de45515ee5ccae4b5e4208e0562c44682ba05f1431b84e11bafb780b8666ac5bc3be1bdf3f877fbc7bfc2fe49f870fd7f0430c4c6673fe021f8c346ad8831dfbcd1ac98d67ebf130c023e44aab81880a3898216d03b56b855e7c7fc53357f1321589157c72963fc41d8103e4cd1c1eed5fdaff000eff0078f70a406d2887537e0c008aa2b55756c7158b4b34ac507c5618a94d4274948d81c7d4e91da126bb4c63f913ad7ca334ded660840fa6268683a78eb1542065bad6ca19e40c16ac76b4a1c6012e46544230d204623d73179dfe97105e4c6d8c55c85d61a69af9128a74b059886c890f28aa6b717000cc29982babec0c29dc9a05bcec8e69310d08b934e0ba51705059814791d0aeef70f9820373dd2075e46e690585e8b077c1c640d487549a1e13150ef544635a2c958e1bba33e40da9c6e546e0d9d61455757b9bc71abae9b8b04520d99908262d2022b02ce2cd5ecc22aa5b7da0a829b57464639cbe4bd0bdb1b725215f1423f5588ae42cf050ab50daf187d2351c69b9f170fdc919e74250a4b80ef9aa10efa13564c6ef99e144babac0c41225a0e9cd844a3bb8756019ae7545ec54c7107e8adbfb3141639f89f2b03e8324b684aaedece6b5891cbd8c452fb93101bd376513fb371630006a9336d68245714685209aea5e6c9335c51712228696bdcdbf8124ea800d1cf219a98cc205d92babc5b8c8408055fc3638cb03f5f38a543732bab310d6046c16d72f6ea7dd1b7f6e3ec8132317b087a8e151cd067cb528c1d4db817685048e817c37bbfc3bfde3dc59ed2ba88feb1eb0ae53c831d197be79693240926063e32888b50a4f2e7bce67000967a6b98f0589e022389c85eed7fef0d10ce894f4cee2561009c9c6b9acd1ff00f4bbfd9c1c8a429ad44444c06d63766c534f95c5b0b71a624c78113b557753be9709dcdeea3e4699c9b30e18bb68aaee2fb9cb817d85d77e5ac08da0dac7809e4de4eb677facbf7336054d0a22af1edc62a2047c718284754ad605fe8cd379055773d9e70da1aedfa2e10b87b8422ff5859400a78a94e391f5d20a7de9e7794ec48f7e99138a683177b117d9704462b5f6e00c52953b7dce5c009453b69d1bc83d2055b687d6028b47c1393200c1087d00bfa30e16923e72ba429d8472fe44b6f907d60a13bce3e0f8c80fa03ed09fe9858830d8d7fef155ac947cc17fb2e6b2570f2be712352a6c8f671c5700fe678729280a80993a4d1e42e403e0da47f59035804f4bfd9de33fa43b2704f330c1af5732261a5b6a12ce79c4a490148f5e7989b5234f3087f0eff78f708ac2502aaa0065922a9b20b4f07e306d000500b43ee7d604800420b753d60d6b44895f027bd598100a890c2e28f00e130559e8ee4ef2d37387786eff00bf6801ebc758a320562f8c5f2e2e56560f94337eed3f43d2c67538b6d27b21edc6691147a384b8715b411f054730cc88558ddd3c386306414b0fc8ce616fc9d9f0b3cb84591e2ddbd8714c43a86a4a98826c67728dc8c233bc3130441437bba238ee35489af78632b4624e5ef707da84b4e907c636954d2a80a0780eb28253104874d3d6f1b1d888c851a3951ab5b40f7415f4e1c5213582555c70258ae0d1f4f59470762f835e3033041f292fee5c81aa075b9b9bdef0452715ccecf031d2649772f6eced398933446dcf90f070a960454be84e64098602c62d27011c555f108ee6cc2811304f9ef07c66f28fcc160c7ccb94bd294ede870175f754010f32f3076128595eac6b5bc0b4d0647860d64326e8c4ea3c7015749fd310713888694a5ecca123b9da5abf3dc416c3d3be21ef1148adf0d17e36e0e9d80c7a07304d8c75a0217eb0bdd9134bd4c3f3dfef1ee5df54d5d687fde366e28b76bba865f018eff82484221590e65840aaaf715f9eac9a6004868c1636b14daabbab7cdc3c522a522348269099643428606b9b5c1c6c69a4087f5877447ab4a30ef8c1c26b2220841d86b08450b27b256e3abc98e2367cf3118b326b8126270e6151401749ac2768a8cf113b187833461e4805858bcde2d188f2f090f88ccbd430d1aab7b5f332a70b8216fb2b0177151a921d403fa0c748034e92876d7782692b05887fa1bc14ca3b80d916d31c7394e2e2105477a798fa2ac1376c24b30d0eed2800088d93b9c639c4ac8b3c605f26b0a22d5bef415c5d24e806974bb4265904001b11ff006ab9bab00cab002e90988513ef3e701dfd4686aea3fa0c95b549c7dbbcb59da3f3116df82ef007cdf957e065f018520065cdf8125936389428a372101be83072e524e9bd5f50f4d6183d617541fd0e2b43093cadbf7317e196948846c26351cb20a842b7c56229ee2a94020d86b785692cd6e52364d7ac8022c10d0a8e00ddcb2ebac51f2611b4110f8972026bc474b565a200d25f36e5a890696123f7323d782d922150131888f11229e9e08623226486dfbfe1dfef1ee0a4a3202bac25373d470c724e1ae159f03158c40295883f0ef02148c297ac4bdb1835e02fbfc0c682443ca862da5fb07b88aad2292c662e7c7e1ec32ccb8131f85ff6fe0d6334c430bb03febf8a679ca0c3cca82bae33359a1757c09e335378bf92b1efcbf0f2cbcfe8b3f09cfa3c848aff00b89320582bfa31f69004a5014f1b7791f87de18e974211df9197f2b2adc09e22ff00de34d547c62e206cfd03dcbe7f878fc2f9cb9f7f8150013f6a07f1eff78f70853c4736c1520dc616ae942f51fd85c0b0900904fac2857ce11f1a6e60ae06940466c8687bbf083ec2b4133978b1c76abe756b846e72300297db860688233457a0ab706eca451fe393af18b9414ac8cd9d99182e3152eaeb7f594ee91c7e954d6a2eb48e9a72bae453867ee24e99260b55c1512b5524072c875cd361fa8c4c15b0922b4754469ad863c905774a1feaefce43b175cc2f20b44a6b0380d4456d22baec0c9794199a3a754160dc66f5225a01dd197c18f7d9ec17f292000b014082f1fcb897b80488829433c132c0b4a79a6541c54723652a44f93a323334574dba165696882dc69d57755041521e977830f465b6d2a22adc501720d390ae439598a1e0c6ae3012d89dc1d10945005dbe3100e6850251452b8f78604c502d70d195437a328e698935648140a995ba27aacd91cdae60355111110da31f028bba905e84f39406bc413fd0a8efce59ee26693a915941ae6fa402af6f47d1b0c079af608183f7264dd05aeef39975862aa40b419ac95ae4d9d942cd129dda69cdf37250105feaa7b305c23a87e076a492e2b2e815954040dea1b312da2410969ee7beb1e6c5db8019bdb298a93c4720f3d5f23165148aab25bd683d611508bd3c549e8f06dc36a850823643d79758a48cae6741923cd29fc3bfde3dfe3ac50ea087907de4c9f89e727f299acfd62a91bb203d2260b7c1fc264fe013f06e0ab6163ecfe0132a8320452a28ce61c20201c0ff00904fc0a2aeadf088e4fc0fa995ac0bd44c3f47f277fbcf39616a3809eb1f4865802c3b8e068d37b38a2a07e3a663f6d6022b550bf594cdf756cedef902eb08435f05751c47e5c1989b9954e8fcc063ac9320caa1e286eeee362cb515250ef608609daa949bd04f1d9836199f40e1780be4e37369c34410497d394309629d5e089c4c64453553c6e030ad289ad6b4aa57030a0f71b436d029a634e8d8f7796dc534195c09dffd6de4f9733a1f0340e91197c4cafa9592858058a172eae1842ef1805d5c1a809c79620ad890cb4ce2a27a43635e1ff927ff00a3bfde3dc613ab6861e5b464cb2408b843a9ac68344e2eaacfedc5125d2a2f2cb3213a6e11a6d50f35835501efd326f4ed2155d92e9cd97bf73e12e694c2355f343fdc9242038110ea59e66397bd005db4831ef9c08020799fdb34ee554a7b20b0cbc72dc83e24b33bedb823129c75dcad01212af376f6cc67ecc50edd0badfac5ec2fcea55fac072801de9edcdf8d537899e11e5d7c36c4c3b34c27591d0fae66a04184dc2268f1ff0084eff78f7ffc35fc7ef27fe1fbfde3dc3e7d4bcc4c711081c308e5fc2e6e88c8125fa3792c854a34cb9c7f9a176b5cc28aa482d8bfacb971616e179793ef2e5cb97f0bbc8f35fa7659fee5a931141f0fe1c5cb9dc1c0105e1227e932e2e1a99edf5972fe0b6e28574151fe930ba40a0689880ab0306911288d13f25c5c0036ab03062ac2601dabeb0544cd3d0f7f85421528d2a8fe4981e482457f570529dc7a1972e21042aeb4b0ff007f08e41f30cbbfe1dfef1ee259971d58d40ef908e081db1a6082c469d9298b8524ef4c508fa6d71ec49750940835bd130c4232150d76342da4c3ec14585b4518d2a5c65cc4ab6a2c293c82b86a914d8a51e1ab8f1693d9fd81dcc563f90e60ebd9b58ea5c7889556ba138379550088f8815af9970a20b756bb4fd598eedcbb536339ea8d39be18eb4000dc5b18a4850d2eca27c1cce9f10f4a64311db639b77f95a708f315ce899ca234eab25ee43fbd5c01a94b783a672a5bdb536509b98dc1607860a086c5b4865a8db9bb457b3b65caca8eac800ab5eaef2e4e0bfc2a8945dda650f0f60d9764b5268b8ffb8dceb3400bf78ce1d62d5fcd17c470941202b3d58b5a9cd63aa852e5ea588df071518f5903b9a8bbd886228414591305035ddab89118000b2d8bac386b795a94bb6be1e6b71d628738c2c201b7794172800903acae2ed8d9c68dd6e84de19be563f69ee12e2e2e88c0d845a2b4b65cd40238e3041add982e9725eaa0da1068666b1a6ea14686e3d5809cfdbbf92e1e402aa021724dd115d66d793d92796f9dcc7744b9d8a96b536063ea79aea0154f62e224ce2b6fd7c5017c6596449a3ed6b2e38525b661b2defc02e70c9daa57c3035bc4ded4a635ff00db18190190adf341325172257a610b5a10cd0e19ca7797a60dfc3bfde3dcac993e3f10fc662a0249e8c4fc4c304f4507d279c000040f193068ba2509294c0000347e5c9f8204f78dc4a8921e8bf887e13262219a0e07a4f386800200683f317f099f4cf39ac9f94c4c9f93907c6048df69bc99327f177fbc7b85876c702b6f38378336c79e915091dc367306b2a23b50d582dc76e4a8d2bb0331eaeec63a3504ebccde16231dbf6783c26446532b7889217e4e05a4b6057ab43c182ec0a0433682af8d6216b452f10808fb665dd29853ec61737369f1a269a77300d60f1772f4f82629424de815c6e6ab05e9e5f6f5e1cd37912f487fab8834e8f4aa55445d99f547d3200841c67a022ca291a43bba5ca6a4b23e9dcdf31ed83b83b2628b858688f0d1ad77376cd0b0769f2664938e1f89c6eb8df2d31bd043d8b8c80854d15da695c3716e19cb6ac3c66e31a8b43453af0ca2b4d21f9e82e06dd0a492050860ba9556ac02f26ea5de48add0df1843140cd82ab3aa24a39c55ad5a348ec3c706e3df855e4b866b4dd5c97458b7e540a2b24ee35a4f153978d74c1c8404a881d627861dc8e4927c8059b5967970d216ed546919bae63ec62144676cc512c2e40a841778f8354a456a39ac33852d643cb028fc2e1a71d5d4c32f787e8fc069d66f5639d07a837ade095477b1f51f7e0c5d51080422b1ab7032eef0fe97530382e8a0ca5692b84586758a634da630c362ec9c0113cf09b7092283649bbfc3bfde3dc3f41374a009ff004e177c82a6aaabef784557a80e07a2f31e5c18703a01d300a42373823e1759a22c641136e9ebb8880885108549e9bbb8624dc5e83e5c30ddab16b01d37927490fd086112b28a934678d65891814df0659c66a3585441805b82c2b08653ac55baeebd2d0ff73b39b0da4914e3ce4113205102a05f14e62e26c2299483c5b83a4975d6f3fef0b35610cd698115cdbbcccfd6b04a5aed5395eb801877d15892e6e228492a2faae2c514df6d827f597c232d3c00f061a12ee504bd0f8d996bec499a882d340361e8cee092abdf450c6cd854a9d0f88993db36240023fac078d82150d97cb35954dc60578ee166649948211f5305d502aa594ffb8bb79da0c86d22d15ae10ea3caab890866ae85e1e3bdc41d20a284517cd9930419175b6684102b4145438dcc3be28d1afc60933709542a410d730d380c8cdf18301523b76093e0f8c0b9aac36e5984bc6ddeb0ff00a1827102841e9798eff619d2a03d6183683d23089cd388ba0b42c7767ca98fa25be02967b7703d110de2b41f38dc58b773f81dfef1ee3e08797028b483bf28ebc61d4001f3c7f772a0d2ce9bd1276cc3c43d05d7bc80561afd3cb983a22cf64b9fd9c78ecd71a17065860d0d96b7a0cf2ac5ec9b9fbde09a186aeb4693cc7225502fe85ef3147ad861905bf585610560ae6df837880329488c6c1b4c31c1227a51c12f3565f0cfeee0c819f0b6fa92e370c6daed439ab8655c2e3fd84f41860da4ac01b26b6c9852a23dece30e8ed036ef07dfc60cea9850b5f9f8de25648e17ff00f69336611008b532aa4dd8ea53d988b5b4537210e14cc79e6411fd38b16deec7c37e2e6c2c7d881d6cdcc7a9d302ee2973681007471707dc50090f2de71f29575e1f58e8bea3d3ad7def98d7a901d21bb9400151e753dfeb23e8d2d13db045459de73f57222bb79efcb7cc3dc3a32793cf062b3c7d122ebdf778de879449fa4de4374018d5eb52e121dee07074d678752b1ae72e1a0c92bec83fdb832d330dd50c9609e9bca9821ea47d1d379812fed8315a7e0c258220d5a3c6a636bb20ea7bfe1dfef1ee34e426874834da5c63b433297b00fc8c389caf7b3d79d107210ff2e2771ab212614e4eec38d941ede9869830b4f017a6228b9047b9420803e5b88a8613cd8ffa605c40e831b4702e14000817efa926ce61aa37dd020f11dd6d25c1b2977876886082c3ce2cc114e1226a749896b72f9009ed723328870901ab16ecde0aedfaf593b1e4ea99627819b3c7d947782a827cec48d3a93731b1dac8491649dbe326b25b6a7f866e32382d1a5d4d05c454a605f8547c3878410c89e8e5bf771dee7ff541049422aeb293522a9cfa39bc194c055210f1fbde79d887126b61851ae4640433efc320686c0032d953375a00455101582628628d8099448689dae41fa59598768530ed061106408de4e9dc175590a5e8a1a1f7dc9cb45bf1cc7df80c9a72eaf67d13a76e2fa1cbe58a39c6169bde84e44ce24da60e8f2a4014a26899eb5cb5378003763155404b7281123b8dc3b50d6b95ecc30cddc1c618dcd7830c1982d0dcfa8093285f80a4679d6beb2b36a2054ebc7532250146a105c523564157441c492a8857dae8309e6c2f01d598ec84620c2d078246b7a703808eba1a23c4d4c269569504bb100ecde35377960f1ebfa063b680bd506cd76e97f877fbc7b9e72180561755fe37f1778623282843db9083447cfe159475207e0c802a7830b513821f261a30342438a1e15347ef0e085af63a7f0cd1968a6d3c4f185f1303c9c7e0cc0a4783ac002512988441d4c0fc5fcdfcdcf18b2cbb9f84420893de1efe11029c17afa33586500a15d626176ff5f9d3954b2ee7bfc2c302a5e0f27e5fcf9cf3fc3bfde3dc40028265871413750b8dd18144f158647a973d395333ed2c78b31db3991001a34d778a6c6e441f515f340308d62d49d15e0dd72e2ad55b65113e12b98a2cd74f5a37aec0c823191885ba2e26c314d0fda1015da14ca357814c6b66c5af9706887ddda47809cd61de44d1ff00f1432e25aed1c1e2f223dce680dedd32a4ab5b8003874ded8d90bf4a150d8803accda6c7b8df5313f080d0f37b0c7c5de062db34e105b92dd8c00c258724f298fd4bbc0d141a44bb727df72d2247099bdb14e286d8a367da4fac53504eb7ae8136fabac7223c711b4feac2642a9294bd9676611abb152989ca242864246778e34b71582406377e188adb8a5bfa88808aae5e0a46c84360f13661d381202152127de0c146cd6801574b0328e11a2bd5b86057c38d81859d6b0d6bcc77a6c47904be323d056b4d122f50b802deb63c96f909ad18d090a743c5da4ccbb46b19dada092e4935aaf93b3a2bcc69639846a4222ea05ce7bff876e9914ecc55a0967a9e34b680573a7d1f659b826e6cc88a875d4be17233480a6d95a2a71d161d354e4b4d3011b2e4aa1ad4f4e2f9a4afb4656545201a0ec44e0656e864f3d476ae803328a140ef2b50b44367f0eff78f7f0993f13f26df9864fc13d3f13264fe287e487e4c7b126f5c57fcfc43f810fc4c98bd65124154cb18ad5d4f6e48c864c43032643d64300c9f193f0fa64c07f0eff78f726fa43b1d9ac7405caa0808492436bd9263174e19103c15758aa3d314acaeaad44c5d9b7e05006297c171823a0cbb7d630276384deaff008c829fa322e90ba48f0dd58528cfc49710d781b82d588bfb07a37b9930d3264194e76f114db4da015783c2d1c39e09d5f01d0c4193de5469032ef662c2e7194f2a3989e5703d1f2a415ba601bc839ca242c2aec5c84db85787c4042f70c375ac169f172b0728a79a82c2ef9e7418cffca12e2bb58d1876124d082f0f1e7784d28903174062c4b30bd2b178de9c1a4602c815f9e0a18a88d485a891244970836b40d4eb5cee0fd66ef035ee3be63e4e5d645ee6d948abe584a261c21824560ab21f6acc0f2b5c420520686ecce81d2426abcbbc1286a131f43e735720f0785c79f78c70f21609ed5ab71094849df8e4f818ed91db3e4318795c11e094e3aef704cdc09b6e33ba6e691aaf8b19621f0b39e207cc17089b26f7034f5d564cda5aa1d71ae40ec0455da2592601c8af0728fc9d2cb83f1e85e75b310a48e20d32a16f585d40bc6b8cf0cd3031b46212981b0c95c47dbddf5941cd75d886bf6622bc3345963c1775317c83ec3256c0c314219f2a90fa2ff0eff78f71b921b2ae87ea5c68446b56a1d1f95c05f71ed4093d314a73abe0c5fb7de2b42e94ce93e225c49128dd886df10c98460f462ff1867c1a6521c6848543ef65c23bb0a5d220a75c70853a575306526344d7d3dcbc48c9e04b337613b69e8cc172804518e192c23dc9d078fb322e1626eccdbe75ac0cf03384adf7b2e3221223c137f7ac57526becd48f8931f0020e4ce4ff00ee37ae499a14ff005e3340bbede5c1f5203544543fd98b98f49288d660a070e286e7b2ef016089ea7230eea8eb49a80fef1dd5c0416d5b980070218939f871314fd65ab89d6b5d72aaa98bab5bfeb1e08c8408aa7d6f00b8081e8cd1fe4ec2a33343700a97afc70985296c39ab427c913fe9c0f50a26aeaabf2cc3714046644105be46fef5dc532eb6bae70c16c34d9100f463a49e88fa71766e313a74737cc0a22a15abe3972854dc7a8dff004e26f600bf329f1898855dd77a17f4cc28af19343a8e2162508a3b193ca4f121166043d949596dae6b105e55be44327e7bfde3dc924504eaa8060fae635da4b96dfb445d017c57571fb62a343d302c6fb74f966eb0af0149f77131b78f2f860974677aa45fac3ad4144f262e58b81f2e03192bc98c7e1d63f8b00d204acf79754a74837841d221a58b1cddaa0a665e87ca97cb1345900d3de3ba57e0d9c7d173b82414735bc2d4d07776b750c86454f638b22415db719204dae0c89d095ede612921ba4d1787b6636496ce70310928947249f63b6fde4aec307d99e756de1689f39d38327585b77d9de1c0dd646cb10fddc11dd376c3ac776e2b1f0145ee6c40ff000874feb0e64d13a33208f1aec5e066d6a80577fa09702b0289c723f1c80b9746b348ed982a4fab07ad64ae94e983a7e535f4ce6caa6fed9cb063e5532da61762243e9c10b69471d2e44bdd95d92e6d6c4a798ab564ae97ac1134ddb02ffb8cc36304117e5ac7534d2351bd9fc3bfde79c2d1b7a0a798f18e464e95135e3c0cc1e1ea8671b9e131dc5b6aee3c7e8bf79432bc650209b1b80912977462b1dd71c81eec1aa278ce269c8fc975d8db6e1f802b3aa41e12f71f20a5224233e7c60990280688839df231750d4d1f107088b0af83808a78cd432678061f038b7e0c9fbc58b05ad918beb6dc7ab42c04a03c0c323210a99d7b2cd13370ad15494aabddb87d2d9fc3e46ec130d6212809b1c90c4f20113e528d886c7c60d1a02f37f032810bf287db67d9895be04d6b5715f02afc8ea165b8d9ac3b2a28251c8f41c0a220c0892c659323b871f820b0bb5cab9d27d50363cb835d3fcf3d2376fb30386db7ca27e5d4c11abdb2d4b4b5eb08375a08a4e4d280c205313506e904a61f080f099b25c736726d7d14d6cee1b190b05942347d9c99cd231fa309e3f295010d1ecedc9fd00518cb7f6ef1a95951a6f8d8e2c24fceda6d980b5b274aa549bab01fa1638a57108827c1e9a6fd6771549f7b4eb719846b5a26416625301a1ae7ad4bfb7866db4869d2703810b12350aa8a4343243e44fa671ea3183d90c8ebb1b0c4c4ac039559b357e5fc3bfde3dcf3f98c12147af8626101e0bb7f1a7c6302be33ba2adb5abbc0ec80a3c98a0579e710eee0ba3cb0a40c9e11e7f15c0816c1f3304208944e39af586304002abeb0230043c9f9bff020da87bc000889a4fc3408553c2a27f67e21f80e8d02bedc138981e522bfeff06f130205c2f72048a8559b79f8f38b06e0c202c7bc9fa67e35f87f3dfef1ee25cbe1886acd1fde8ab44f3e1be32bb35d49aa00a209ab89bbcb3b04ce92ec71bc7d1b47f6808e1e958dc6904eca4c5cddc0bb74990e433c6c4044669e636e5e26d1063f45c290bf235011b175958d8d8c4980ac42a18d424a2212b17a17f6ced7775d63e382d72a9940afe3435b5531c96744dcd7cea731c3450ec63e28898f77b8282e1e2e04b637b2f57c000ae79eaba28017cdcd6085908d748068bc36e05595d451509537c185a1e91a4043c5ecc525c2b43d6faaf70d20ddb860f51d06f78f5e7f77229f6bdc44416f2d2be34bedc5f0fb2422efe7360e0b5c1fd52cbf14360f94760882a63c39adc6a9c6a3c606289df103637bbfa6e6d29b327652f0c8ea26cec17ea350e178a6d76eafb41c467d64d8859e7b603407ff005c2fd18b2094ab594db392ba98a019fadeee374477396bb2c1bc482004668ee79a0e59c65da0f8218377724d7b759c7f5186c70304c8f90171052c6b21adbc1a5cf4fb31717e343bcde79a72b5482def998017e78b7355e8263330c2de66bcee8ca8104cef41a08f0299722f0a28b0fadf3de1b3745e4812062f05c1012481e79bfba6298dc2fe201a1273b8c3298851d274ad986ae4084ab64274cd860fe7bfde3dc2bf13d327e13f3313d3f26b1d29504c11be09fd99644adaed0d990b099f4c9fc027f203ea77b1557f79313f04f4fcb5f94fc13e3f80a4989422bb357cf9599afc2627a64f4fc9b3fe00eff78f722a54cc5c5e3c378398a1f12a3ec85673012c11a34351a618f75730096b52e2cf6b401bc9b6d0b30de407c28d11e30090baf755fa158dff00835ffecd7ff83bfde3dca65c15168279391c9b440d17aaadfef59620a40107a00620456d1c69a3d0cde3fcc049309bd5e6b4e3038ecdf7e5f18ae1002527174ece5cd016c3bff93eff0078f7ff0037dfef3ce0350a8807cb857930c1fd9f8bf71621e877a73b6c0097d3cc0b244680de6f0699bdf0c5a7b9eb120844157a7d3873f0b0ee1f64288d13dfe2fcff000fd62cc4a34960dd604a5403e5eebf47e57f87eb2e54213d8dc5855d6147ae2347f15fc7effe3a67876976dcf7fc6e5cfd7e7bfde3dc660823cffed318578d6ae81e481cc6526ffa606da2a62d0b658e4c16910e370229685c39223a2072621c30441132f97cf03247e86e33a4554865252ea947156fe9b2bad5a498df838152a369b449b0c71fbbf9b17f6e5f482cb2882e60e9c6d9ad866ba23e182c07da90307aefc498726abcea1b3619bb972524a93f17fd8cc4de7c0914de0a6c9974a3b1763089872207f5f4061b2b36b72a1a17a96628d97ce34edff429e2d006196b499db6994534f84cb042794d8b82c4aacbab5535d66aec37c61447d5c7e09d7846e4a1d313cb68bc14899a509997357d208f6bc7671ec593045e83d718a381588807bd01f1bab81f793dcda15df30f3e77a32cc3a61d33bdaacba07c243bacc3db0a1f3e74680b8c2231a2c43d0b7b471bfaff00a4687441ce00a24df1a5b36a76e2f205972b2feb13545a888d474dfc5c2538c2ad60535c509dc6aa5b6d11c003c2170f0552ad427b0ef05bb111485b140d30188688925234b75bbc111d1b205fd00c9a49942d065a5aef146c04a3d08341b8e1379851d146a1db8c184e4bb442f0812373692022716e955d6bc62092136cc37df1cca8ff00aaae968364b32d2de12fa2d5670eb58593d8b5b84f03a13f877fbc7b86809a080fbde68f2574ebedfeb209bcdea4ca2c7c7ac8568a944e47b868f6aa6c3a9909c001e8c0918ab027ce1841b14bfa7ac5aa945107c38118abb23c94da9ade2c68ea28e24350c310fb9263225a9abc43a0f8c51245159a78de5481106707c19b389610bf4e6e255810cdddd118d1eaf71d3e40417db9219f0a18fbfbc412cc5cff004f580b9d1b857efb9c90cd29f4f590476c7aebd3eb05b72d420fbee01a6c535c7de233269451c595d789bf47e3e30d90414287afac1404a450db8d3bc23e532a20db5037d3fde3544a2093d7d610a54002bb2730d80740b1f8c4aa8a59af0dfc4c06810e9e2f662a65e983fa70369c494fafac7da4530da687ef5833a7814b151ef06fce22fe9eb0064191028f57b83202d226fdebce22c49da3b84f9cd8d11827dbde7c7620863e5ca0c20fbee10c4a2fba0eae3d8096063b29e95c8c3d3409e9fd678e6d025f7f781927122fc2fac3f3dfef1ee351443074c37ec665d3c30d021b4addbd4cdc27caeb4e0ecbe10c4a337196a9e9712a1c2172c1511fa2e23f17f50b8407437da45ebede584e120028618263f0c710ec07eada5b3407b3048000197d987bc1b819626ab7360628e45cb5f2eedc853a3a1e3b45fa32e77f58d275be6e6096555ecd7d1e98f6d3466e8bb4dc37bd614e6ff7d86e8087c86534b662d936b1e3c38e2869511ca2d52dd0e36246346e95fad9c737fa685cdae81fda5aebede58320c0816d6c1237c31c44b21fe8d2d9a03d9886a4082479ed87e85c41216636ec137c37710575808550f9d62e074a24f14df8f3891af04d9f22be7c9bc330f7ab64bbb3e9c7a8ec7aa8be5f45c4776090a05545ba92c985d2ea13690a45fa0e4f786b57cf431fb0c24a7c348028e02cdb947e14481e81aef7eb05b23d015c152614b46d1b4d82571326d0c06eab80348081e98468cd3310aed1771ab260646d2d4d4795b7a313346a33dd884f92e035f029640268ebd336a57524b0549b5f0e1480486037bd250f099ae41b9f72de1bf7909f10887ce143daf1f3a5afe8707655acd526f5666fb643684b116ff462ce3d3b28b69a4b8974ae049606f9d50c5c881385a10f61c51c3332a4d26f5686a59339f9eff78f7055dde71a302d851804dd9f3198e7b497053d86ef1ca282602a4906f2b4e10001b5587b5cb974c3d622ae8c1adb6ba872e749c00554b0c103e7a4db4a3e38c4c2c4391a5da51c66c0a2f85329f0bba8bc8f9c89288080c37d358f2a13e685b1f0e00000381e337218749ac53e711d4d751e9860e40cd12011484c501544c80904bd9ac490f5b3f78b6c2958e510d54cd38c7ad91a4975d662adf0e1419619a8f9eb6da51f1863780d0dedd2d3eb16e936dc608fa3f638fc85e3d17066ba786e97fb30877949e43fb531c554481aa801a3b8d45d4f0425fd1801152a18d8a0ae0953491708873664766a8b8a3bcdb5379bc33badc4588980a0a5220b1372cd7326b0e07f50f3bbfac610a78fed5d9a55c0a000807ac36b4486994deeae8c464783614d008db957c531b55a7adf26160c2d9145bcc74e0a0c27504dba09b714c420ce2ff950c9b4ac1bda56b49750ce4110fd18b6e8bae09e167c66b7d74ed6452f5877b08002f9f5c75e22023a73ce8c26a5ba086783ce8e7f4531f9fa5de4d432300a6f8eff000eff0078f723107b5861c21d800dfacd23d0537d0f3951404bc9f998c0638219f78143e4c57f585ab50502205dbcaccebe205fdf31d140b1038440ae068e224608782965b29d98593600bb38f3349c2448159ecc2295342017988355d422f4b88bc3c227d3de10c6157fa3fd6f172bcc08bb34565c562bb425319abf743b1aa82432cb08ba1e88c70bafb005fac12381b176967d9956adc8688aafac9e5b468663874530ad00ddaae046886c8ea44678c6023acd3ea5493352609c94547631cbd44611b0b665c84d60f8263e9554140f330142acf838b8410be217fac09a06a91fdb0d1012888d3de220ec423782a5ced097facd30e0282fd65bda61bf39334348532149ec4779b7ae2ee5feb2f69d8d8cc4611314a5c30e2f7650fddc2849140d1c53a9915462b41a10c51a58813edeb1cb4314682e03d8860a53582b6895229fac4c2da102e2419b60857f592d4000a31d8fa3f877fbc7b9255d9e48587f7bc2c19922ba3fbcd3a8c413ba7d031779a523a638248e69eb5960e2b517b5a62553e04a34577e70a0b53cd54d5b16705d63f6d52b84f16da4930a6a1f6910f46f5f4d644c970803228e1598675a803e8023bbb80ee110efe37c77d6057ddfab3ddbe5358f51bbda4bdb474edc9eeb42914156b0ec770b7baa5235f098b02dad1013e1679c63be69436dbc06b81c8b0a59b6f38aaf8b095ddaf462faca8c2354aa4504316711a4ce1bed008cc4976b52bbaf2e24be90837b7fa038063c30103acc6d70aa4ed5407d89cc1340ff0064690e96c72a717c180aa21e986bc1544f911fd6f0aa256de7363b588dd2e321597a110c6ab7357a02a69bbbc2a4eb5c1d650d1921172cae8634fdcde2e146fd7745a1378a18b36bc8da3aba86191acecb8c2b10884c28fe354a374abf6c8b3ec3a434dec334601935513c52be1eb9af3b02ecfbc2293ab8b6cd6243c3991b28eeb14d6d1bd518c90808506b722dc343569a9cf06a6b8e5d9330850344fd377094e4002f48b19aae5b5abb6c101ea63b8e33570d308f6efae53b55e0edf7af8898c23b40626ddb2df464ddc66a6e0d57ed8ca5cc2285db843d063bdbd597cc3e40d6251ef3b8fbddd7f0eff78f734c6902b36f0cda94165dcc9fc11686318f3f8cfe1afc45f89f841501f237f86f40a45076181087b1b815407b59f9be13dac3121d135bdb93125ad2d2f6a77f084500155d060f01d0043de4fc00a807575f83707c445fac2a83b8f98e5c108229a41e7e0008e90ff4fccc428005558061129b1cfd7f2eff0078f72821673db85fb4cb9f0a01acf0fcc6922e1c70a3017eb1c2bc9055d01301453e60360a842564c415a318727c166095a9692aef334f895059d58e1e59801c3985ede30f9336e41a673dc42fde0e8193d2e0ff005cd599069fb161e0e71cda0085008d9fe0b9a663fad743420d5d98e920ad4d1d1374bbda5c4760a00e897d051098c2d91536ad651d83bc8a8144ae563a237592260baf983425ee20441080a551fbb3e327106f24a46fb6995a95001a08856fb6052c90527acb38f6cc75116c122e4a9ab74b84e9810257dccd04ed9ff10390a61f80e50ac87c7b230ea652242fda50609717a89f0005aef460c2e944f652042495b813ed55b894292831ed6049554062c3aa18f662790e11e955a6451767bcdd87413b26f0a0a1e516e26432bb2eb0cc8ea2116c6bd9d620e9a077c05f3adfce1cd546cf01b9057140204136e90f339326090a5ab2f63b310f54e3da18eba3f956c34d8131fd1123bc832d34db8f6a67b83928f8dc8471a9569ada259905dc70b51ad3896cfab720d647ce5b9e4af9778d9b2f355301624391e5579116476cf181d669841c9c0115caada1abc8f78d5dec125d14e10cb302e8785b711a1b61d4af28b687612b61313618e414a19777f877fbc7b908ca31294e670dd1bf41799c5f749f63d702ac4189f6391741089192ebe358193d8515d2534b80d080421a31fcd5ca9e106c932ee4ea5b65d6b5b6e77bbf43cb71bc340c0894b138e5678a1a35edf79e508d47b2eb7713fcb0c7924e677adeb0f6c3781206e9b864b676395f5ca84ffe1ae670eb860fd188fb6b34be2f336a252ceff78fae6802edaeb7bc0909d1436fde161000004e3bc3ad15d835535ade4c2dddaac936d75f79b245918d9ebcb0d36c0507a04d1ac60ea8047ddf1be6052a68607e8c6291086c2283e2cc9250042fb6f9c29076880516a7f6e2b96e261e87a67262e237edf3858da0181f7a3b938655868aab84cd100a07a6ce6444d28643708fdeb13e6d044f97b9231470c889bf6c37836dfd80fd3eb16352427073e58b3e5703e03d1ae61e604476260fe58403e408e4b1f120b65038ef3e08a587a595c7fc570e9d9aca7dbc21fd39bc4a28fa49ac10645878879c12cc91ecf587b59bc48480084d1e3ebf877fbc7b8ffdb9e84729a3b8f4b265b543ff00b12676dea6e6fe0951f3c669cd261a0354d11c0eb5906e0af3c1564c76341255640949b790e4f88ead5800f4edda10c864a840ee6b5d9dcd6f698877424fb064ede0cca20eefe98e5dbc960ac29bf9187a34080b4026af74075ceef37f3b163f27526410c93ebc55757d2c16001120a53c65dd33268d66e11f0646d27c1656f78f8cd1a5578691f73631c4faaa03be6fca7a4e33d831abcc9e85bd30ba5ba977a7c67944c5665825f0aeee6f721b728ed28b75d54d1bf0b922e8d1b1786a977f264924668002f1d1af0387645e6854dd4d9d530e175a002a2314c46af2c67aa857fa18398971a4d455d5fbc3e0e4369e83a6237a95853e18a604bea253c44f59574a4614f2a3a6b06622a6bb544d60fd142e46e6736ba3f2ce15c027639c4e650218dac0a35ad2f21f58d8e880050a0805f7acb90095f51b13d0774c32c6080aa9e43187ba575d70f9359eb2b1ee6f083b3547b82020952efdc9eb8572d600486c54c2688ad3a88ea6d0ab81bb944a6cdd17fb62084b5c90bd1f38075ac0b23e3647f4dc681d49a5e8fa3c3261a3f548a26a786fa2e35bc7bf181a093be06150990bbc5271cf9cddd348eab02010df6072ca6d84ab6151b86c3f877fbc7b80ba5093ad7fed9b438a51b045fce2faba771b4edeb109dcefc9bfe4c370b2c1a62fcb8caaca004bd4fde27eaa98c27b66f12dc81813dfecb85488072810bde1ac7198800403d0b334db11a22aa8fb7592948c075cfdd4ae03194e4895d9a238e52c0a25ab56a16f1cd5c065e00985ad89cdd07c9919a5bb74905d0bebb86c599875893c94c8d53ed3007d35808d8214f37a5936415883213826369fba4143462ecdc754094655ab3430574697e6e0fecc22fb30f276fd5c13b1286b1f7df6c0c18c321d2fc9b6b1f73cb144d8f77aaf9d874681400087d0771524307853b8dfe025bd9c8a9c9f93693f4c7090fe291af9592e3a9a872d8087808732f8157c1407f81848760035d36abbe3726401ac8890ec1f2604899d8831b98d8f61133c5ed98cd8286cbb26112d9208ef4e84c16b428014281aba98c852f0a0441f0274cdce94a3c62a6923081559ef4642ef8aa4f172cdcc836231235b2f9c130d41eb47f78efad0c018cf936b86dac920355527de3df18874584f2f35c2600fb9f30f09e1c3f90a968355b9ac420dce020fedd7f0eff78f7212b30cc4558de6dc2e02a54d25dfac7cc4e3499c04496e23a04bc1bb6fd66da3e1befd604a00795c44231e34de2a049782edcfd40b498952270d3789d29eaef3e436c3185b39a17fbf47ce226a855799082aeea9c6b0a113a224318fbd74a6b47f58008178a9bcedfa05de194899a309abf1b0c26727fec38a741142c2c77ac9407b1a66e6b36977838c50631358a00cbb238950442a0f30442075ba31e14acda45704536f55988802f05ee56ad0062953983d23edc4c201e2ba70cdcd17861ec1a8858a7d64742eecda054df0b30954f89177398df64a0fc057b8c245dca02bb905de244c1286ce9abd3e71de2df56a59de7eb0680cbc01bc19161d2ecc185183a89acae41ec698a4ab68842fc5ee4ea69293771d0f421438ec00fb6e194670e86394d69e2997108bdc028d9da1a1fc68fd9bb5241f2937fc3bfde3dc67de732082be0b86702d94a197de3f71f427f6a41db23893913e88d1030b92b9e2ce649c340c145429758586a8418b1b4be8c262f92abad5102601c83b5582ee9af8308a092e89a4df972b428f22f452110ae0820e06d3915a81f06261294a5d3deea8d988f0ab15b114d22e56204dc39ffd5723ea1415df4ea0f9cd4685209df582d98f087388736076de6eed12c6a4ec245d62564c53b56d68d7a18da8eb266c2f47a39ad189409553fd3345c72d166fd107292db14a55141ba373552f7a1f4e2614d91e87bbdd8d65498705090d2a429558ab2c401ac53fc1ac373c14df9f501aae3c36545aec1f2c4f306483480f4778a8c4ebeaa1bec1e4306425a15a81f1a17de6c7a1a1db0235238acba8906d102238e7340c48d59546b50c2703a0407454f264642e89c54694d81031e7773edb61365bde253afb505dac54dc301759fa4153fb4986fd5650029e2dad6252200845af3e1c5c6a7d707afb3316976a024213d0c1863e46161988477a3d7b807b324102f544ae1ca46cc87a3f4623372822350eb84c206192f5185cbac1576af15f182f35457216a22515b4b7dee3b98a1690e1793f0635eff08b07a6d6ff000eff0078f7180036aea626c2522a46f3264fc4503954301208ec468fe03a4373f1c3c48f94a82fadfe10011d238dd115002febf13f1ac50852bc3f33f131fcec4c5894c27e130c51a2edfceb030420636950bfbc5041417990cd64ca0a806d5f19e327f12255d9edcd5e6000040e1f800a227b3f13f0d929659fc7bfde3dcfb909ef8bf6864ba69f57bfa91885038901ca9b8b1345204154a6b4e8bbc35e42a28cbac6c7688c7c51f0eb119a60b1ff0068e275de8ec516f6d31d214a3e6a0fb7bc116aa81d8a0a5cbb26504d9a346b06a25f23961775c755e00c236253bb700a17602ff59ba7e91257e82e2a98677c695780784c3f70414a364d90f3947a933cc3760dbe5c53848c885d34b3472cb805dd104201b3575c3545379102e0146149a39dbe3101576484f6ff006e131516c711dd0031a4a376eb1a7d9313cb94713b5eb06388af62cb7520301d559e1dd2eb64c3f786ed265e187149a421666c51c7c0aad71eb822b522c54f01b26ab9aae5842271fece0af0120d0fef0c4d69044d7675d5818033d58035435dcbde7bc186a83d6eb0c024f5568a73c391935c109170384880836ff2720e8a3a9cc668e60cf29e3ff54c698919d18281b6bb13111b3a491f03ecca043a041c5f7c6062ba7fb423a354e174856856f5f7d6246c830736a193c0e2028a91b534f6d3275159e26e06c1238b800d0c3cdfde2fcab48f306f7a8649854b65033f4dcdea4d8a684f8baeb0ef880ed60a26dc3f3dfef1ee3491d4953eb1c140b141974e589ecd795491c71e7490fb3489872c9991a4d5067232e5722646b480dd01d679097507b27ab91b501018abc7b4de10928ec8f4e6b2eda200f978eff7960b1356ed65735641018e3a3bf839076d4f4afdcf9cf2994debeecb7133a6a195fa31478a8293eae191d009784d49af1810aa2247a73588536e0f612e2a8e09b185abd52b5c8bf2b87c57278a9fff0003d6569610efff00fa0f395dfa8919c93cc31845264f0a7b25d51ece125031303bd4b7ce04a0081e8cf021cdf22277e719015d4fa0d68cf2a1824706bb0f1701986b09b11939ac20c48443d0a5711b17433fe60355c091f661505f411fb3e3e30000081e320f85116255f7357021640c12a29d56ae00001030d02b808fe9de24980895f7a4b9375082020aa7edcb83e64fa0668cb22784fe857ccc7abaa5a3589b975358ca2e902fe59bc3646884540afbd018fb9d4c57d29e65ddfddc5f318edc114489b34e13044811e57f6be710e651d3f9437fc3bfde3dc72c0a2aa402e0ca6229b68d2f3a530a40a262009d10eb71987fa0b2c421be0c97394d0e4129f5e63827857963503f1d7366e28594d1e7687db871cd0802d8126b014256da8a1aa5b469072b2b2a65b0d1109f4eb0846d20a091bee505e105502c58d5f2e3b31e00d89e7da4d5cb0294001b3f60c64d37b1d098e44d63595796a2106ef9fa3cb910f18f58ef847b715bca32b7ee4f5c2b95b8b450c08536ef80e5cc16c174ee348d18854a403d82a3e98e0a3ae812af7c00e07e29881c6ab29ac9e48c029f7e8b31d63292754357462c2c80075213df38eea2163da0a57e0ae3e87553a917e846e001d0b4f1808b2af9997f82894d49dbd3d4c4a82a242c1005ade89bc2a4880c992d1e1af2996600db4e9d47b461af34ec138777d637441454a4eb8b6819065af734addb940f5e36d847e349ef167a0128fdafc50ce7300d06b05b13a9859651b0a88a8e718e5f34d491555a13a3374c02c8030810bd662e168a44acfc1d3c2dc91d9282500ead8fd1e710c4e9adfcc9e06f715d90e27b62b0c0b29ef935cbbdcab46a9ab978d2237f44550da2e1bda0161a8c940c23b268202acd67d03972b8a8685a1c6dd693f9f7fbfc3b1053ed0ffd1c5d5e8d1d3abd7cf30229e5476129addf7188e3703e4bf6be4f3848380baf729b38fe647f9dd542e04a00db22754ddc3195323898a1e03d648388e4ca7c9537bc47be71f40fc262c41262d13ded8c992ad5de9354d91c1a09ca5864f9aab713627105f006316a351bccdf95f5ccbc28a297df714de022c4ea3700d6b37b2f9f322f5a5d4ee52f80270800bdcc6f501d1651fd7ac259a08f4acd28f6925a14b0e7d6364d5f92cfa43980f37e3519437e5c33dc0d13aef8f585b810254aa15eeb58fa84d22a66ab4337a7170e3bb93d2d74ad90c30a991c704aee9dca1606da5655ad17023384124963b3b6122bb7cf434a475d571aad0e2a748a526266947c1524e191854e70b66dd1873ca24b1273ce054d090e8a1fbac3a6039099dade2f317cb26143c9f38280214983815f3bc5f330f554f4000c04eab4218baa47db235e3043b4974aaa4ee4f53472ff0038a4c88cde025e081a30102282bd1f92b58121e0d11037ec67263541355e8d5e8638860188363ab7b4c2239ab74636e568b8dd52a2b57289cc5b162a9d4297ed6ff3eff7fc27e2190fc4fe33219acd7e61f887e13264fc4c43f10fe10c87e27e264321f88643239590fc43f13fe0104087fe73ffd9, '(A) significantly;(B) perfectly;(C) accurately;(D) excellently', 'A');
INSERT INTO `soal` (`id_soal`, `pertanyaan`, `tipe_soal`, `audio`, `gambar`, `jawaban`, `kunci`) VALUES
(2, 'The passage describes theremin as a/an …', 'reading', NULL, 0xffd8ffe000104a46494600010101006000600000ffe10f7445786966000049492a000800000007000e0102003a000000620000001a010500010000009c0000001b01050001000000a4000000280103000100000002000000310102000d000000ac0000003201020014000000ba0000006987040001000000ce0000002e01000043524541544f523a2067642d6a7065672076312e3020287573696e6720494a47204a50454720763632292c207175616c697479203d2039300a006000000001000000600000000100000047494d5020322e31302e31340000323032303a30393a30322031363a31363a33360002008692070041000000ec00000001a00300010000000100000000000000000000000000000043524541544f523a2067642d6a7065672076312e3020287573696e6720494a47204a50454720763632292c207175616c697479203d2039300a0008000001040001000000000100000101040001000000aa00000002010300030000009401000003010300010000000600000006010300010000000600000015010300010000000300000001020400010000009a0100000202040001000000d20d000000000000080008000800ffd8ffe000104a46494600010100000100010000ffdb004300080606070605080707070909080a0c140d0c0b0b0c1912130f141d1a1f1e1d1a1c1c20242e2720222c231c1c2837292c30313434341f27393d38323c2e333432ffdb0043010909090c0b0c180d0d1832211c213232323232323232323232323232323232323232323232323232323232323232323232323232323232323232323232323232ffc000110800aa010003012200021101031101ffc4001f0000010501010101010100000000000000000102030405060708090a0bffc400b5100002010303020403050504040000017d01020300041105122131410613516107227114328191a1082342b1c11552d1f02433627282090a161718191a25262728292a3435363738393a434445464748494a535455565758595a636465666768696a737475767778797a838485868788898a92939495969798999aa2a3a4a5a6a7a8a9aab2b3b4b5b6b7b8b9bac2c3c4c5c6c7c8c9cad2d3d4d5d6d7d8d9dae1e2e3e4e5e6e7e8e9eaf1f2f3f4f5f6f7f8f9faffc4001f0100030101010101010101010000000000000102030405060708090a0bffc400b51100020102040403040705040400010277000102031104052131061241510761711322328108144291a1b1c109233352f0156272d10a162434e125f11718191a262728292a35363738393a434445464748494a535455565758595a636465666768696a737475767778797a82838485868788898a92939495969798999aa2a3a4a5a6a7a8a9aab2b3b4b5b6b7b8b9bac2c3c4c5c6c7c8c9cad2d3d4d5d6d7d8d9dae2e3e4e5e6e7e8e9eaf2f3f4f5f6f7f8f9faffda000c03010002110311003f00c0029c2905380a6760a29c05029c280002968029d8a004c52e297146298098a314ec518a006e28c53b1462801b8a4c53b146280198a36934f0858d5a86df38e29011436e49e95a56f6dd38a960b6e9c569c16fd38a044705b74e2b4a1831da9d0c18ed57123005301a91e05494ea4a006d14b494009494b450025252d250025253a928109494b45203cb8538520a70a0a1c29c0520a70a00502940a00a7014c04a5c52e2971400dc52d2e2971400dc518a7628c5003314e58cb1a91232c6ae436fd38a008a1b7f6ad282dba7152416fed5a30c1ed4011c36fd38ad08a1a7450fb55a44c0a042226053e9692818941a5a4a0425252d250025252d21a004a2969280128a28a004a4a5a2803cb853c53453c5218e14e029053c0a60005380a00a70140098a5c52814b8a004c52e29714a066801b8a9638b269f1c249abd0dbf4e2802386dfa715a10dbfb5490c1ed5b56da599235756273e8bffd7a04da5b946183a7157a287daafc7a4b8fef75c7ddab29a5c9fdd6ff00be695c9e7894113029f57bfb3a5feebfe54874f907f0b7e545c39e251a4ab535a9890b3647619aad4ca4d3d86d253a90d03129296928109494b494009494b48680128a5a4a0029296a39668e042f238551dcd007990a9053053c5218f14f14d14f14c0514e028029c05000052e2940a7aa13400d55c9ab11439ed52450fb55e860f6a00643074e2afc307b53e283daaf450fb50032287dab4f4c90c73bc59e3822a38e2a683e4ea69e8c98a44cd6874a8495eb4f0c7d6a085f282a6079a4739264fad009340e4539579a00a5ab0db6b18f56ac6adad6f85817ea6b188a68de0bdd1a69294d21a6588690d29a4a0421a69a7521a006d068a0d0025252d67ea5aa43a7c259986ef4a009af2fa1b185a49580c0e95e7faceb936a729504ac20f0a3bd41aa6ab36a3316662133c0acea4068ad48b512d4ab40c9053c53054805301c053c0a402a78e326801a9193572287da9d0c3d38abf0c1ed400d860e9c55e8a1f6a7c50fb55d8a1a0636287daadc7153a38aac2a62801aa98aa1a87c973038ed915a78acfd597f751b7a350296c6bdac99415715ab0a1d421b4b3134ef8503f127d05665c78aee59ff00d1a18d13d5f926b294e31dc5470b56b7c0b43b646ab318c915c1d8f8c26f3ca5c451c8aa40631f045771a6dd437d6eb3c0e190fe9ec688ce32d855f0b568eb35a1435c3fe9112fa25649ad3d64eebf23d140ace35a043e14308a69a79a69a650c3494e34d34008690d29a69a04252138eb43305192702b9fd635c4b746546e6802c6adad45651300c3757037f7f2df4c5dd8e3b0a65dddc977297727d85562690052668a4cd0068a9a996aba1a9d681932d4aa3351a0c9ab90c59ed4c058a2cd5e861f6a5861f6ad0861e9c50312183daaf450fb53a186aec517b5003628bdaadc71d3a38eac2a62801aa98a7629d8a5c50033154b555cd9e7d181abf8aada826eb1947b67f2a01ec70f757135ddfb40a0b24276aa8f5a06e030460fa1e2a95d5c4da7eab348b1efc90e07a8ebc7e553db7896c5e754cc22e1c8508f90c4f4c015c3357933dba1354e9a5d2c73fa06ad27f6bea16b771149de60fc670070b8e7a7f0fe75ea7e10bc92db5516ad9f2e6c82a7b30ff38af2ed5fc4da5db5e34763a5c32dcb480ca5176e5c364678c93bb07f0af47f0635c6a177a7cb3db24532a79b36dcf071dff122adab352472c2a3953a94a7aa49bbf9ee745a99dda84a7df1fa55322acdd1dd7529f57350115d679a968464534d3c8a69a008cd34d38d34d0034d452cab1292c69b717290a924f35c9eb1ade32aa79a044faceba2352a8dcd71b7170f71217739a49a6699cb31c93509348009a426909a693400b9a426909a426803410d5a8816aa9082c456a5bc59c5004d0459c569c10f4e2a3b787a715a9043d38a6316187a715a10c3ed4430fb55f8a1a0624517b55b8e2a747155854c5031aa98a7629d8a5c5003714629d8a31400dc5473aefb7917d548fd2a6c50572a47b50070d7da68be542a42ccbc027a1f63590be1e035186eae6cd7cc88ff001ab104743c8c8cfe15d415d9230f46adeb0e40ace504ddd0e3897183a7257479c41e09bebff159d461553110000108c1002e492073c6738ea7a57b0685a347a3d930c869987ceffd054b6c381579be5b773ec69286b77b994abbf67eca0ad1fcce664e6463ea49a8c8a988a695ad4b2bb0a8daac32d41210a326802263546eef52143cd477d7eb129c1ae3755d60b12aad934124dabeb24e555b9ae66595a472cc7269b24a5d892726a22f480716a6134d2d4c2d400f269a4d34b53775003f34dcd377526ea046fdac0e71f29fcab6adad9ce3e43f955cb6b1031c56bdbda631c50054b7b57e3e46fcab520b4938fddb7e55720b7c638ad2862c629945386ce4e3f76df955e8ece5ff009e6df955d893156d38140ee67adac807fab6fca9ff006797fe79b7e55a1ba977d01733fecf2ffcf36fca8fb3cbff003cdbf2ad1dd46ea02eccefb3cbff003cdbf2a3c897fe79b7e55a5bbde8dd405d99bf6797fe79b7e547d9e5ff009e6df95696ea375017670979198eee55230431ad5d34e556aa6b0bb7539fdce6ace947e55a46323a4b61d2aece0fd91c01c91556d8702ae4dc4348cd6e60fd9a5ff9e6df9527d9a5ff009e6df956a6ea37551d576634b6f22a93e5b7e5581a9cf244adfbb7fcabb593e653583a9dbee53c500794eb3ab481caed7cfd0d73925c333127767e95dd6b76032582f35ccbc6b9208a4498a66f634c32d6c3429e82a26817d0501632cc94864ad236ebe94c36ebe9408cef3051e655e36ebe94d36e3d280296f14dde2ae9b71e9486dc7a5007af416b8c715a50dbe3b54b141ed5696dc91c12298c2287daae471d527b0ba61fbaba2a7e959b7563e27404dadec4deccb40ec750ab8a7d79c5d5df8e6d49cc4ae077419acc7f1978a2d0fefe0231fde888a0763d6e8cd79443f12f534e25b789bf4ad087e288e3ceb06ff80b50163d233466b8883e26695263cd8278ff00e039ad283c77e1f9b1fe99b0ff00b68450163a5cd2e6b2a0f1168f73feab51b76ff818157a3b8865198e5461fecb034013e68cd373450239ad7531a893fde407fa52e927f9d4faf151756fb81c146ce3af5aaf600093f70ccc3d1863fad23391d6da0e0558ba3883f1aa16c6fb68f2e187eaf211fc81a9a64b9540d712a31278545c01fe3419c7e24459a334dcd19a6740ecd51bc8f729ab99a8e55dcb401c5ead69b95b8ae0f52b630ca481c57aadfdbee078ae2f58b2c86e2908e38b52669674314854d45ba801c4d34d266933400a69b8a5cd26680131498a5cd25007bdc717b55948e9c8953aae298c6aae29f8a31450026298f6f0c830f1230f75a928a06645d786747bccf9d610927b85c1ac5b9f86fa34d93119a13fecb647eb5d8d1405cf37b9f85cdc9b6d407b0913fc2b1ee7e1d6b9064c4b0ce3fd87c1fd6bd7e8a02e7845c786f5ab4ff5da6dc0c7754dc3f3154ffd32d5b9f3e123eab5f41d4525bc330c490a38ff006941a0773c36dfc43ac5a9cc3a95cafb19091f91ad7b6f881afc180f3c538ffa6910fe98af4ab8f0ce8b75932e996e49ee1369fcc564dcfc3cd0a71fba49edcffd33933ffa16680ba31ac7c493f885cbdc4291b4236feef3ce6baab5d2a736b1bc6b27ce371201ac287e1fc9a7cfe769daaba37749a20ca7eb8c57416035fd3d3cb56b49231db7301f80238fce9194d37b176c86a5a7cea4a492404e1948e9ee2b66fce624fad66a5feaac7e78ad13df2cdfa7152b4b248079afb88f418141118bbdd8da28a299b0507a52514014aea2c835cd6a56bb81e2bae9572b58d7b0641e2811e65abd9609205601e0e0d7a06a968181e2b8ad42d8c5212052114f34669b9a33400b9a334dcd19a005cd19a6e68cd007d22169714b453284a28a2800a4a5a4a0028a28a004a28a2800a4a28a0028a28a0028a28a002929692800a28a2800a28a280108c8aa3731e41abf55e7e9408e62fedf20f15c7eab6590dc577b7a3835cbea4061b8a423cfe68cc52106a3cd686a606f3c56750019a28a4a005cd19a4a2803ffd9ffe202b04943435f50524f46494c45000101000002a06c636d73043000006d6e74725247422058595a2007e4000900020008003a0027616373704d5346540000000000000000000000000000000000000000000000000000f6d6000100000000d32d6c636d7300000000000000000000000000000000000000000000000000000000000000000000000000000000000000000000000d64657363000001200000004063707274000001600000003677747074000001980000001463686164000001ac0000002c7258595a000001d8000000146258595a000001ec000000146758595a00000200000000147254524300000214000000206754524300000214000000206254524300000214000000206368726d0000023400000024646d6e640000025800000024646d64640000027c000000246d6c756300000000000000010000000c656e5553000000240000001c00470049004d00500020006200750069006c0074002d0069006e002000730052004700426d6c756300000000000000010000000c656e55530000001a0000001c005000750062006c0069006300200044006f006d00610069006e000058595a20000000000000f6d6000100000000d32d736633320000000000010c42000005defffff325000007930000fd90fffffba1fffffda2000003dc0000c06e58595a200000000000006fa0000038f50000039058595a20000000000000249f00000f840000b6c458595a2000000000000062970000b787000018d9706172610000000000030000000266660000f2a700000d59000013d000000a5b6368726d00000000000300000000a3d70000547c00004ccd0000999a0000266700000f5c6d6c756300000000000000010000000c656e5553000000080000001c00470049004d00506d6c756300000000000000010000000c656e5553000000080000001c0073005200470042ffdb0043000302020302020303030304030304050805050404050a070706080c0a0c0c0b0a0b0b0d0e12100d0e110e0b0b1016101113141515150c0f171816141812141514ffdb00430103040405040509050509140d0b0d1414141414141414141414141414141414141414141414141414141414141414141414141414141414141414141414141414fffe003c43524541544f523a2067642d6a7065672076312e3020287573696e6720494a47204a50454720763632292c207175616c697479203d2039300a00ffc200110801a1027203011100021101031101ffc4001c0000020301010101000000000000000000000102030405060708ffc4001b01010101010101010100000000000000000001020304050607ffda000c03010002100310000001f277e8c86486318c6318c06031d0003000000001004201008040589a4d46b359acd66aad2692f2d2402001008004002006469328500000800f8837218c90c6318c6031d03018000c0000004000208042002d34a6a359acd46b3556934179692010080042001000080004214c8002003e22db24318c90c63018e980c00600030000100000804010171a5351a8d66b35569349a0bcb49080400201008004002001008053200080f88b7219218c6318c74c60301800c06000000200100080945c693526a359aab51a4d25e5e5a484020100800420010000800402014c80023e24db24324318c63a63180c06030001800000800040048be341a9359a8d55a8d268342dc584810100804020010800400200010082132008f8937219219218c63a60318c06030000180008000040585e688d46aad49a8d4685d0682e2c240894404201000804200010008000402084c807c49b648648631d4806318c600301800000000000865868341a8d46a349a4d2682f2e2c1800905102200201000840020010000840010328f8937219219218e98c6318c060301a800008c0040032d2f349a8d26a349a4d0682f2e2c1808004828808402010080402000100011000082be252b2432431d486318c60ac6031800c00000004492d341a4d269351a4d2682f2f2e2c18800400894044201008004200100080000880001f129643243254c648090d580c63018000c000000917268341a8d269349a0d0682e2e2c180840020044a20210080402010080040000044000f89cac91218ea4318c6b2180c603018000c0000997a5e69349a4d269341a0bcb8b8b06200108004020040880080402100080040000044067c4a590c90ea4319256318c63180c06030000196171a1349a0d269349a0bcbcbcb498c004002100080400884020100804020010000080623e252c890c95324324ac6318c603180c0060032d2f2f34a69341a4d06834179716ad8344200100084020010221000840021008000400000203e272b24487521ac86486318c603180c060048b4bcd06834a69341d572d725a5c5a4c996091088922460bdc010804020044201008042001000800000089f149644864a992590c63243180c630180c0996979a0d268349a0d076279fbf38e94b4b091326888aa2044c97a70efa900084020102210080402010080040000239478893cfb52244a992590c90c6318c6318c0603265c68341a0d069341a0bc939fa6cf97a297a4c6318c0064cc37b79abe904021008040244a2201008400200100008f3e7cce39874d6448954892b24324318c6318c630196171a0d068341a4d05e682f33b3dbcf97b6cea6640324310122f3997bf9cbe84020108040212251010084200100080081e5e3e706111d45912a912591219219218c6318c63196971a0d068341a0d0682f2f2e284b679bd34e7b49320c9921012351c3be9e0dee910084021008042404021080040020283c84780321103aab2244aa6b219219219218c6318c916979a0d068341a0d0682f2f2e2d2a4e74f3fac9cba05804999931813359e6b5ebe3baa10910084021008480804201008004633c649e1973884075564489d49644864890c90c63192245c5e68341a0d06834179797971696903ce4f3fae9cba4978c91366c2448b0d8790d7b39ae808424404404201090100840201008e69e264f1ab488400755644c95b2244891219219218c9132e2f341a0d0692f341a0bcb8b8b4b4981e3e70f54e5d699d24c91624d2c2c2d361e235edc6da022244021080421022010840202271e3c4a7935a8420101d65913256c891224489121921922c2f2f341a0d068341a0bcbcb8b8b8b1a98c19f2139771c7b933ad2648b0b12d4b8bcd4782d7be95421084884210084204402108045670a3c49e64ac4201001d55993256c89922448912192245a5e5e68349a0d0682f2f2f2f5b56e2c263003cace3b5cbd04e7bd2c28cf453a6edf9ef6749a4bcf9f6be8444021084884210842012201084673cfc78a3cf10022020101d65992276cc912244c6489132e2f341a0d068341a0bcd05eb72dc5a584c60023cd38a9cfd239d3c7dde2bc3faae5f1fa2d6ed70f6febfcf7bef5fe6f6dca5f07af7a1084044488421084210221084633ce478d38440402100840759664c9d4d644c9122448b0b8d068341a0d068341a0bd6f5b8b8b4b098c0004701cb04e7af97b3c5fcbfdad93a4a5e5f4f1e3d70f4dc7ea7aff004fc4faa7d1fc5676fc56bda84210842228842108489444222738f371e3ce3111084210084075d664c9558b226489922d2f2f341a4d06934179a1abcbcb8b8b4b098c00000e239f1672f1bf33f69a38fbb4cd4e6be6deefcaf6397b7dbf9bef689bfaefd3fc1f47d1f33c86bd88421084444911084210910151cb3cd479139444421084201080ebacc993a9acc993265a5e69341a4d069341a16f5bcbcb8b8b4b098c000000e531e3b9f4f25f37f5fde65e3d267afcdfdff8df35dfe5fd57c9fa3f4fe2fd47b7f5fe7fd87d1fc9797bea421088884448a210842122283907998f28734888421084210080ebacc99654d664cb0b8d069341a4d26834ae85bcbcbcb8b8b4b098c0000000c2cf83e3e8f23e0fd47acdf8f74de99395d3c7c4d72c1ecfccfd27e5fef7abac7b1fa7f8ef3d7d499422221111114888444424ca71a3cd1e58e7911111084201084023aeb616132cb665a5e68349a4d468349a56f5d05e5e5c5c5a584c600000310142782c4f9ffcdfd967d797b1cfd3dae7eca75cbe79eefc8f92f4fc3fbdfc7fe9bf4ff57c1edfbff37c4be942133111111122911111114c47123cd1e64c244444421084201084075d6c2c2c2cb6d341a4d26a349a8d2686b41a0bcbcb8b8b4b098c06000000044f113cfe1fc3fa7c7c3e9790f4fe7fccfabf39efacf9b47d2fc5facfa7f8bf4ff69faffce78fd672ef7444426624489122452222b39e9c38f3679b31911111111084201084023aeb61616975695d46a351a8d26a34ae85d05e5e5c5c5a584c6030000000003c4cf3e4cf5f1df3ff005b3e5ecc7eafcddbeaf81f2f9d3ed1f2ff007df64f6fe5fd87abe0792d7b303b2108891662448902291293989c38f3679d329122444211110084210080eaada5a68351aab5aeb351a8d26934b5a0d05e5c5c5a584c6a0c0000000000f213850cdb2f37cdf65f1f7698e959ee7d5f9eeff5f9f61e3f5eecae884222408b30224082663969c28f36700cc40444888444402108402101d52e5d26b359aeb59ad759a8d2696b41a0bcbcb8b56c2630180000c0000433cb4e3818bd9ed31d567a126d3633a499e375f42a6911110224198102a31a724e149e70e099c8912244444421084021008409d55d46c362ec3656c35aea351a574ae92f2f2e5b4b098c600300000000003cf3972273b13b4c7599e8c9b93626940f1dafa5154248912040ad9a4e7a720e0c9e70e12d0902244888888420108424042440769772ed361b57656c35aeb34aea5d06834172da5a4c6030001800288280801c673f3d394d3b2c7619e949b536a6a4a57c9ebe92011122902b3333cd38a9e7e4f3870ca08112244421091084880421008047a2371bdada6d5db5ad759acd4d69349a16e2e2d26ac6030000000000000398e7e627113b0c7659e9c9bd3626a4cadf99d7d14024422b32272d3849e724f329c3282041111109108402010080420101ecd3a0bd05dcbb8dd6ec5d86b5d66a34ae85bd2d2764810a021d0200180000001cc99f0f9e713acc76d8ea49bd361a99cb7a7337ec400028a1ae647093ccb3e424f26644ac8112288888042100800402404250faa1b8dcbb5761b6b5aeb351a9741a4bd6e2c4631d003040061400200000618f9ce79d674d8ef33d599de9b4d2ce5bd736fd202810884d6038e9c03cca7958e4959595902091204489111144444210842101f5c4d8bb1761aeb51a9749a4d0ba0b8b8b0630180c06000300001800141f369c6b37b1df67aecf424d869671def96fa4010008ca730e2a79e3cc479b3208891224489144444444222210842108fb21acd46aad4695d2683417adc5a5831800c006003000018000008f9b4e349ad9f44c7619e8c9b1345981e9c97b80000054603929c33cea7978e1ad6222210848888842108421080423eda6aad469342e8341797972d8583018000c00060000300000003e7b39644d0cfa363b49d299da975cf36faf23b00000044ca73538e7053cdc799398a848804210804210804201080fbc569341a16f2f2f2e2e5b0b06030180000000c000062180001e1e73e73334f48e7db4e9c9b99b58e3ebdd43a00000022a30272ce2a79f8f3479d3280804021008402010084007e83ad0b79320b99702f30e52e122058ba0dc744ea9d54e826b4bc9230000000180001e458c331993b4c77d9ea48ab90742fb05000004044c89ce3929c33cfc7994e22c040201008040020100800fd1d6de5e5c5c58ad6a5c2bc35f3679c384bcb4ce03265cbb0e8a74cea9d54eb1d74eb9d04b51800001e418e64c6c3a171d5934b3b663b6c70f5f42b6800010200b42623987193851e759f36bcd540200100800402000101fa66db8b8b8b56d264c6004568302f0d7ce2f9c38071cca000004866b3a876ceda7713b69db3a09e318e64c589d66749e898f4b38b3cfebdf5b6201442000226439e72938c70267ce1e797328020010008004000203f515b71696ad8584c600000000220b94e3af9f5f3e70178472ca86003018c66d5f64e3eba72f4cc24818d7d94e5e85cf85bf7d534000000008a0c47353907124e0279c38ab5a800200100008000047eaab6e5b0b0b090c000000000004310011322f197827057847097925631835e95c7e8b38fd1279fb2c358113a4cf9fd7d08a800000000566539e73138e70a67cf9e74e6aa00404a002a00000101facaeac2c264c602188000000004003100000080a4e49c55e22f04f3e699cbbcc7b773ebccc2ddcd746f58b600080006446228311ce4e51c693829e78e019800040020000128311fae2eec264890086020100000000086200001006a191a1900006230123a65e000002010c400040c8614e61c94e2c9c13ce9c620002000100000080fd7d7a4c90c00000040200000010c408280002400000000000004302200000000023398ce7a72ce44cf10e01e7ce70804000002000003f60de9318800000043220000000204014401521a190000000000219100000000000002a3298539c72938f270cf3e9c25cc00020000100001fb16f4600020000001080000000408000b544003200000000004218800000000000899cc89cf39a726678a70ce0271d6b0000100080000fd8f7a0000200000001008000000561000b400320000000403100008000000000004526430a738e549c74e21c14e0ae600100080000047fffc4003010000202020103020504010403000000000001020304110506124014301013202160222331323315164150242534ffda0008010100010502ff00a85123123023023023123123123114448d7e06a246246046246046246246246224246bf02d0a24624624604624624624622889091afc0b4289189189189189189189188a228891afc0921448c48c48c48c48c48c48c4511212fc0d21448c48c48c48c48c451144511212fc0d21448c48c48c48c48c48c451144484bf02d0a2289189189189189188a2288909097e05a1445123123123123123114451121212fc092144512312312311448c45114448484bf0248511448c48c45123123114451121212fc092144512312312311445114451121212fc0921445123123114451144511212121235f806848511445114451144af154a0b1111c54471d32344591a62cf9714be4a4d55162aa2c55c59d91d3ae285545bff00b8d090a2288a2288a2288a262493151191e9a2c58b1238d042c5825e9ab6bd3c1bf4d0163410b1a08f4b049e344c9afe5d5e7e5e7471e2f9cfbf8c90a2288a2462462288a2288a26fb2daa5b51fa37f52391fb63f9ade8cee4234c733365932f1921445114451144511445114448c95a8634f7180bd98a395febe64a4a2b3f9255ac9ca9644bc64851144511445114451144484848ca5fb1833fd35b17b08823967fb9e5d96a82cfe4bb55f912ba5e2e8485114451144511445114448484848c98fec614b52a989fb08823947bc9f2aebd56b3f91d175ced978a9090a2288a2288a2288a228890909091a2d5bab19ea74c88bf61103907bcbf26fc95059dc81658ec7e2a424288a2288a2288a22889090909091af8c3f4ca897da0c5f15f05f0444cb7bc9f1dbd19195da66e7939b9bf152121445114451144511444848484848d7d162d5b8d2dc60c5f4210888bf8b9eedf1a53ed3272f46667129393f152121445114451144511444848484848d7d392b593892fb56c5f096455023994323252484447f68bfbbf16cb3b4c9cbd1979bb252ee7e224242424288a2288a2288a224242424246beace5ac9c67a954ccce4ebc2593c9e4657c68c99d52c0e7f6eb929c625ef54f8b6dda3272f46565ec6f7e2a4242424288a2288a2288909090909091afaf915fb95bd4f3791f47577b9b5f0e4f2fd0e0f012efe351c2726f16c8998f58de1b7a2ebf464e5e8c9caee1bdf8a909090a2288a2288a2288909090909091af63925fa77daacc87937458be1d47cac6c3a672a32e3a3f711c165faac2e45eb1fc294b45d7e8c9ca32727b9f8a909090a2288a2288a2242424242424246bd9e457ec67c9c70b1f5af4928b9572a99d55893f99c3fa879dc2654331a3a62cd65726ff006bc19cf45d7993946464773f110909114289188a228890909090909091a35ed66ade3723ff00c38ffa9fce5257d0afb238d4c0e4b81c3e5dc784c1e265c0d18fc6f1d560d52874eaff00d9728fede059668baf32728befee7e22122288a23123114451121212121212121235eddeb74e557f37192d8f2edc178dc9e2e4917b2ecda31972bd492c83232adcdb38da5e3e0f4bd1fab937fafde6f4596e8bf20c8c92ebbb9f8085f0422288a2288c48c45123114448484848484848d7b925b8ff000f91c6f4d92eb561c9f1ae26062cf333ba878cf51545773e0f87a6b8550958f8fc458589c83dddeeb968b2d2fc832324b6eee7e02108424451144511891446246228890909090909091af7ad5db6e563472a99e3cf1e5fab5f3ece3b3b97ccc486257c5e4accc0c39a7c2f11e97e199f7bfdc94b45b717de646496dbdcfc1421114451144511446246245114242424242424246bdfcb5ac8ff0085542f859c191c5e431c8d1c84d51d3f916cb038ca30843fe323ef77b739e8b6e2fbcc8c82cb3bbc34222451144511445118918918890909090909091af03908eaf5fc55fcd65640891112fe2cfbcfd96c9d85b717de5f905967778912288a2288a2288a2288a2288a12121212121235e0f251fd68affb5456408911167f47fcfd6c93d16585b717de5f904ecee366cdf8512288a2288a2288a2288a2288a121212121235e17231fd247fb545640891117fdaafa98c94b4596175c5f905f904ecee366cd9b366cd9b366cdfb7044110445114451144511445114288909091a346bc1cf5fb47fcd256408911195fe2f8e8d1a19365b6175c6464191924edd9dc771dc771dc6cd9b366cd9b366cd9bfab642821410c7218e471c8e311c6238c471511c5447150b150b110b110b111e951e991e991e991e951e951e951e951e951e951e951e951e991e951e951e951e951e951e951c863f6e37c282a2044888c85dd1f4a8f4a8f4a8f4a8f4a8f4a896216e217e21938b232b1ac2dc7b76e8b0f9333e54cf9733e5c8ec91d923b6476c8ed6699a6699a6699f73ee7dcfb9f73ee7dcfb90a885642b2302302312312312288a10842f86cd9b37f0dfbd9cbbb14650545644888bbeb6588b625f0322a322a1c4ed3b0ec3b0ec3b0ec3b0ec3b0ec3b0ec3b0ec3b0ec3b0ec3b0ec3b08d64604604604624624624622424242178d7aeea5ff002cc72a2b2247e177b1345912e817d664565b1d3fab468d1a3468d1a3468d1a3468d1a230230230231231231144484848485e3bfba9fdad66394959123f0bff009fae4588b625d0322b322b25f67e2688c08c48c48c4511444848484bcaca5db94ca3f9a4ac811f8647f7fad9345912d897c0c8acbebf1a312311444848421085f0df91c947b73594ff006a4a8811f85ef767b12268b625d02facc8acb63a7e2288a2289dac71912ef2765d12ce4326b2cea1c8a87d5d623fde169fef1b45d65611eb2643aca257d5f4b2bea8c7915f3b8f323c9533164d7214e2cdfbdcdff91e34f5aec9516a2ab110b1167278d8ea3cebce9e9c7d964d1644b625d02facc8ac92d3f0d44511212123b11f262c9615722ce1ea997f4c53617f4722fe94be05bc2e5544f1ecafe8ee688e4db121ca64c0afa8732057d5b9702beb6b915f5cc4afad312455d4f83615f2b8b691ba1237f5f37fe58592ac8675d22bafbcaf0e323fd171ec2ae1306a1454559fdfd992268b225b02e817d65f5f88909090909097d5da992c7848b38aa2c2fe98c6b4bfa2e0cbfa3f2205dc066524f12ea8d7d69b44332facab9fcfa8a7ac73eb2aebab114f5c6248abaa78eb4ab91c5bc4f6736fff0028a96ec57bac8723640c3e5216bf859fe4f659344d16c4ba05f597d65b0d3f09212121212f75d7164f0a9b0bba7f12e2fe8cc5997743c91774967545bc3e6524aa9c3daab32fa4e333aecb13dac4c5eca1d0b6f1d13a650387cdf9f0decb7fc9ed491345912d89740beb2fac92d3f052121235e238a64f0e8b0bba7302f2ee89c39977424cbba3b90acbb84cea09d53afe9e0ef51b7b2335c64b1f329f438e7a2c725878faa7029ae6de949ee5ed32489a2c896c0ba05f59757e12468d7993a61616f0781716f4871d617742d4cbba233225fd2dca63ba797cfe38c6eaac1eec7eb4c6d2eb0c0d7fbcb8ddc39eb728f9964e3ee491345912d896c0bab2facb61a7e068d7fd259878f70f83e3a44785e3e0574d74af799244d1644b625d02facbeb24b4ff00066491345912c896c0ba05f59757f8432489a2c89644b605d02facb21afc1d9244d1345912d816c0bab2eac92d3fc19922658585a5c5e5bef7ffc40038110000040403060306040700000000000000010203041112311013600520213032415051a11422617191d12381b1f024344080a0c1e1ffda0008010301013f01ff0002335c8660cc198330660cc198330660cc198330661e8270bbe1313e522fa097cd6afa0940f98d6823b03e6356d047607cc6ba7419f31be9d0660f968e9d0660f9656d067707b896d6be94cc1c3bc5741fd05b442ae0f085827228f8702f30cecf619ed33f8e2b69a7b82ca622b64cbde63e80c8c8e47815f4228188385f695f1b104a49054a718b7bd9d953843671d50e4ac36940e72735bea2f5c11d5a115842b592d127736ac6255387497cc6c9748e1e8ee90586d387c87f858f886fab422ac21935bc92133b104c424c927e7fbff410b4b9c5386d83fc722f80877d70eaa922136a27a5d0436da26ca57e461aead08ab082fe6120ce89a821b32cb4cac53fcc32f1b494a4d27c78fd67306fbaaf7a9edfa9871843aa3371067c7e3fbec22a0e1d10d98454a858371ae2924745ff00e7dfd06d73fe178f9906afa10c32bcb70942e14f2e1fa8aa4f9f72f986a2d977a55838fb4d14d6a90da31e513ee3761710a836d9420fb10db8ef0435f9867be86817f31ba4ee40d24a119092f7a5e9f6997a103c08a761b3e05b4113cbe27d81a8909a9422e20e25e370356d0cd38a6955a443c421f4cd238f611afa56932cbe3f5f5bfa071cccec45f210ecade59125330d232cab74fec4368ed0f68fc26ba7f5c1ae9d0a77c096a41d4930ced534f07487b540bbd43336724ea3905ed661b293499fa0898d7a2bacf87962df4e8555f03e427a4b42af9456d0abe496865f251d45e253150a8542a150a8542a150a8542a150a8542a150a8540ce7c94750a8542a150a85427a21bbe893de6afa24f79ad0e781ef356d0e781ef37d3e27212121212fe815bd214915c15bc2e62627ce9090909725584c4c4c540d47826c5e213131313e7c8484b1560624240cb14d8bc5a6262627ce5e06784c4c28bbe09b178e4c4c4c4c4f7d78288cb70cc5c1702d073131509e069121410a050328124936feec3ffc4002a110001040103020601050000000000000001000203111012316021320420224151803042527090a0ffda0008010201013f01ff000496ad5ab578b578b56ad5ff000f0e1e3878e1e3e9a9206eb537e7863e40c4e95cec8716ec993fb3b84c8fd011eb963753a94bdd88a4d268f087bb51bf2431fea2a71eabcc2ed4de0cf34d382c445620ed4e6870a29f0fc63c39f5521c164ed2b7e889dd39b7eeb4b420e236299238beb06303dd41de870570b158d21c8b1cddc60349d945168ea70f36e257861b943834ada36b64c7f925909f485bf4098dd0da438311a8514f61662369077405273834226fa05145a7a9c0e0e45ee9d07ed5a246aa95081c7b93236b36faf55e5afcc3878e1e3878fe9dabed8fffc4004010000102030307080805030500000000000100020311212231320410124160617113233050515281a120334072829192f005144262b13483d1248093a0c1ffda0008010100063f02ff00a11876911aee588fd3be485a3f4a157565fa50abab2d4855dab576a9dab89b94ad5e42fd5f610c55979a18ab253b574d1c5ad48e90d82e4ddbd5f7abfee7357fdce6857ee7357f6235edf3539eb255ff00729215ba4856e979672efbaf501aa3d42c3d2b7def6f3557d3a89a77a1d2421c7db8d56eea33d2b06ef6d3555ea47f4bc07b61aaaf52bc6e43a47fb5dea67ace271f6abd4cf543c6f43a379dfed533d52ff46d446378b9523c33f10530663d03b09c46796289dd466fd16f75b9f9a885a4761419940f8c204198399fc361187720806fac75db912e33275e78b1455c0538a86e35249249d66798428879a779667f0d84615334013a21d7e83b24636a0da71461fea846a376701d57b2c947613c545238299320a2098b15e3f7340385e2799b9417303240069368a643c96b11f494d3a1372886f78735bdd9b8f77b46688cd4e6cd0e3b08f513c3f9419395a594383a5a6e0c6f0511c22b468d96b662e1292d1e5013a78881a8282e8cf1a4c872b07c65f32b2a7ccb21683e0ba2e9ea7096b59444111ad8b134b928d16427a2d2262bdae1f2283bf34d3f2adf5bf779aa5da25346c23f8288dadda948ab6d31a077db89bc5588cd9f613239a7162b59c4ae4b270de475f28c0ed2f0283a2bb4c81a204a400ec0352810dd89ac00a8d1be109bb08735303aa16b69ef36f45fa21dfbc3247cbfc28506100f739daee513298393c2c9bf2ac672b0a1d685ce6833f847cd51332a8b388e9f363526b409b8f62642d7af8ec3386f5a0ea7615278f1ed564d77a831a3fe1fa05b5e574349b77782cb726fc2deff00c472ccb74796890a1e113ffd420bf267975096ee41d12dc5b835b73782e5a2fadd43bb98ec2bf368bdba4d5382ff00072a0711b8cd06f26ef9494e2b833ccab0d9bfbeebf3bb63ddb0a0f427619a7a176c79ea7bd5eaf57abd5eaf5896258962589625895eaf589625896258962589625896258962589625891339f43258962589625896258962589625895fd7513a11b0cf1b91d8f7740361de363f8f407aaa8ae5561584ac2b0ac0aad2aa0aa958c2c61630b1057f4f0a42ab0cf855573deb9c8cc6f8ae4f2180f8ddb148930291333dbd5572b96158559a2b355eae6ad308f42f2a911df3548a57ac9aac8ab50d5a8455a9b7c17ad01598cdf9aa381e82170565c429174c6f0b57c95e55bd3778a98c9d84feeaa90121b93b8f57dcaad55605842b064ac19af573e0ad4370f0e86cc578f154ca1de2aba2fe217399383c0ab70e2317afd1f784958ca21bb83951421fb73d15cd5a2fb07cb3bb8f5adcaac0ab0c2b36573717e6a803d5a80ef0569a4711d17371a233839174788e8a5b4995441c713ab9e88c27e36ff199dc7aeee56a134f82ac00382b0e7b1735940f882b2d6c4e055ac9a27809ab4d2de23d173359aa9cbc500e634c46de1d55fd3c2fa02f510fe80bd4c3fa02d31061b5db9a3313b05698d7710ad64b0fc049518f87eeb973594b9bef366ac458513c9690804cb5c3702b472cc8e239a3f568e8941dcabf277fef6955cb326771780ab94e4e3fba17f50d79ec876bf85fe9f228b2efc6e6dbfe7c90e5082775db156e0437fbcc055721c9bfe20a990e4e3fb41586359ee897fb63ffc4002a10000300000503040301000301000000000001111020213031415161407191a181b1f0c1d1e1f150ffda0008010100013f21df98c26dcc267977248509598f61edbccb766584210842659992bb9222a6a1369efbc50b15bd37213198aadc9454b5673c1e4791edbc17a384d884c93155b92aa94ac0f178bde7b2842f4533c21319becaaa5a97a0792677957a199a61099a1375955ab12de991edccab058216ecdb98257759542b52c8f71e2f626484c10b616599e1084c90982adda556bc4b33d97e996fcc66c420b754aa56896dbd878bde58217a384c909bcd2b95a25bef1783cef690b15b93626109bcd2e15a2584d9799e578bdd58a10842dd996096f34a556897a5783cf32bca85996d4c213225779a4aaf45e84f1783f40c821645e821305b0eaa9c0a17774b3b89b9d59ffa3b8cf733a3ab6bbf7469ce91a3ad9d7c1a6ba069eb675f02065a97c7d9d4b2da5701d1c7d46f3917017457b8d14e53a2eb5dcd25dae8bd9d4d10bda2eae21af439ba3a3837a5a5a74e8a9e3a774d34bb2f2bd87b757710b04216f4c60b65d554fba1355e8f94257e6fb4bfd499437a6d7f4fdbf622ea9d6fea1ac7193f0c9fb15174a4f8750d43834bc7751b4e57c0eea3125aed9d3b068cfc4eca1a2bf827ec80af092f874713eb6fdbac8124ab6b9fcbf5e85e0f17b5d6a1d6ba8842160842c16dc26db50557ca91306161705294a5129a377ff0f71e779de4425644032e0a1085e82096e355557e201683642cab09a77b5fadc78bc8f179ee9b144838b6f12c160b04210b692dd6aaabdd73b34cb2aec680e5c10898410d43d8d7f7e8decd13629441c9b699160b04216e2de35555a94f6a9711a3854a26262c20985a4f6562f61ec3c5e560d48d10666da654210842c57a73aaaad443cb0ffa3ddc682c24ca26210848510f68c5f5b6f0783c8f178b7070d495483fb3321084210858aca96f9d555ea2090d54d1a0f0ca2603144c613c08517429376f0791e55ad62d1ea73242ecce84210842108582c52df7aaabf44263e0a7fde10d21842626362a1a07921dfde2f69e0f33c14a295ea5aa4cba30799084210842160b14b7deaaaf5104b184af9bf4703256ad345cc10de32f04a0933aa78e83d5e06a3efb4f1783c1e54a8a57a8e66931947b2842108421084217a03faaaf5104884261ac7619551c05e75d549d3dc695b3c0894835b61c7d27e49a4ae93fda14196a9aea2149d9b79e76e085e491ea3dda4c7bd7b3442108421084217a03faabd5104b34bbc82c0d083ffd82ba3d5b72f1390b425f27114d3e7acc6af06a11a26faffe0d50f8a33b18c791e5625042f248f51ecd26515eda108421084212f407d557ea2133fb69b44d25a86df43aa0b45d974584d85e37a2f24e885235661cd3b7f7f03244d3a9ea9ac2e64a69dd743dc716cb1e77825499ea4eea358931baf7108421084212f417d55fe82096c555f651ec4717e0da4c46b559a2ac48273551d51b4b4f81344d0b1a753e3811a1d7b2b5dd6972d2ee4f1abb4292b6df44a5fc12289f85bd7ad137c2828dff009f24ff00ed92577d8318f2bc52a4eea42ea35c931bdd4210842109bf6c57fe88209133421ec8d4fe2f025f6aa46f854999f646bfd098933e925355eb7f64c57cba84547cbf3f42721456a5e7cbbbe3915151295a8b552ebc1d39dd3184d924b8ef5fc49144573352743f03fc0d4554d6f83f22d979db82509dd485d46b92637b173210842109e8250aff00d4412c21084261308ef334599bb4b936b54219a2a7a0f0d7bfeb3d7dc58af6ff00a8310953a887b76d4f81b68d77573a683487d54ab222e10d13c234ef40767351942d124efb7fe145f8795e57984842ea73ea35da8d8f72e09e22c0be81508bf50412213099e03ba12aaeccb2d27b3aeebfbc09d3a8f0c882d62fdd7e4d6be8690522e82d5b7e226c6240f9088dc364e15f71b0e45a53508cfa34bafbb9fe972de25d4c4035455fbb72495d9656318c6318f05213217539f51dcc3631e14a5c29725c28de9042885fea20963084d8f0b30e0c7aaa3a32daaedd1ec2b69978b466b79a1e57c1f225eeb8a6ad040348a7acd6b4f02f40d17a955af11af26adaa89a1d93fbf763494dd7b2ff0093a0fecc84260c6318c6319310ea46ea726a31da8d94a5294a52e170b8529461bd101d05ff005104b2c21084210843dfcee0605a9631b5e83fbd4989e3b0a416a5c68fb124feba9254fb96a7fd318f4f9210834318c6318dcc142ea46ea72ea3dc6c6c6ca5294a5294a5294a528d853d01fa07fe88421308421084c930a2fba580f0be62e871aaf384210686863192244aea46ea73ea31c6c6c6c6ca5294a5294b85294a5357a1bfd55ff04122108421084d8fc0b0681d187864ed3d835b3210834343435894495d48dd4e7d4730c30c36365294a5294a5294a52945f417feabfaa091084210842108421084c608d083f187a7277a3c1084210684130932175217539f518c32cb0c3ce0294a5294a5297d003feab7a8ac084210842108421084210aabecf05c06e337de7b64213118484c812ba90ba9cba94f232c3de1c0294a52e07773ca790fe085ff00e05777c0beff00817dff000771f83b8fc1dd3e0ef9f077af83b97c1dc3e05dc7c1e67c1e6fc1e6fc1e47c1e47c1e47c1e47c1e47c1e47c1e47c1fc11fd11e47c1e47c1fc11e47c1e67c1e47c0b5da0d741a1f23688e197b9eca799f0799f0799f0799f0799f0799f02a72f83935fc0cd7fc1aa9f435d3e85dabf077487e31f887b9390eab3b49d8413b09d84dd027708a2e327942e0a5294a5294a5294a4178bf635cfbe07d11d395b90a5294a538e07317a5a936f4c068341a0d46bd86a351e1b5f51f017ca1f2082294a5294a5294a5294a5294a53c8ce269f9c0dc1d38aa239a294a52947ae25c8731cf8f318c686bd603ffe0a5f082c971a5294a5294a5294a528b45dd090e063a3028a2e070a5294a5c1314e6390e714a94bb1084210842109b815af4484b1b9ee34a52e7a7bacf0b8e93a441706d0bc6372eac85f29ca49b1e8ca5c972bde5b50abb8abb91dc8ee477135dc8ee55dca8a5daa52e1735a7d128a340fc1d18530f6169b0c4c7390e639706a5294a5c2e7783d8e2e8055e29d78710ef000dc3c83cbf93a96f9c3ae881d1027e87e4e0fe438af90e33e4384421f5de69ae3e97b23524cbdcab493c334ba9dc217e82da2f46b7e0e4289f2559d02347ddba079ce63970aa5294a52e171bbb5aa6741f3d0e554e5d0bfa3e076bbf614e8732dec3f444353c62b8cafc9c281fb76cff4cc38f597d99d2df63f7e87579e59cc11f4fcc48f8773b698d5bd858ca5ec2046b6bf12b3557b0be986582ee42ffb14d247092247da14a529760ee639ce720d8f4652e14b8df43aa0909647cc4387053fa057d2fc17db0d5f948a15d70461b2e54166e15b5ec7d4eb9c8cf9102d4133df0e0fc6525e97f30fac904ad64d783db15f6741ca49534755f91a727ba15557e1dd42c3ee3352e145c86f21c873e42a5c97669732a090964984c610e6559ce6fc17fe99575bf865e7f810b93bc1f7ad28e67e1c26c2d06ff29215e904d5690bb326bc10068fe0ba618d0d6ea431a34746fa84bc1df63edb69e41394e5390e7c3a94b92e5a5d8510484bd172e8ff0002d9ee02f5aefa0b357c3a216af014611d2d377ff00c23eed2cac9b9a0f2406d5d9cfc8be8539cf2a9fd87f87f59fe0a0c75954513822cf448f3c3bb6b92fe639ce524d8f479294a5c294a52e51041227a1b9d608a28f03399edf5abe8e7f3cffe953d995fa42acaf2db7e85d7ed49c3e9d13aee68f85e8cd0e9eca7e5683a8bdf73f68feedff23952e9486ffb1cf67e9fec0f344cccaa5c2e47944798e63973052e6b8dc1041226337fa7a1cb079aafe7b0febaeebfe12216f64e75d85c97729ca721c9835cd76521226c4da9b1d379eea6513e6394e42146a6173d2e54898cff00ea2e5b3e6394e42ccb72d2e4996677b173bf5a99870e7398e7c3ae5a5dbebbfd063f41d72f4de79ffeac1cb2f4cef0ffda000c03010002000300000010efb7ff00fdbfff006ff6dffdb7fbefff00ff00cb6db4c96db2596db65934ff00ff00fedb7fb6fb6ff7df7ff6db6dff00df6df7da496492592c925b65b64924b7fdf6df7ff6dbfdbeff007ff6db7ff6fbedf696c86d96596db2cb65b6c96d97ff00f7df6fff00ff006fff00ff00fdb6db7fbfdfeda490496c96596d92db6db24965b7efb7df6fbfdb7df7dbfdb6dbfdbedf7f2492edf696596d925b2d96496597ff00f7df6db6ff00efbeff00fdb6ff00edfedf6267bb7da696db6496db2d92492597fdf7dffdff00fb6ffeff00ff00ff00ff007ff7db7fb6dfff00f696db6c96d96db24b6d93fdf7dbff00fedf7df5b7fdb7fb6ff7dfff00b6ff00ff00e692cb6cb2db6c924b6db67ff7fb6db7fbfdbedb7db59feff6dbfdb7fbff0076b6db24b6cb64924b6db77df7fbedbfdb6ffedffdbcdf6dbfdf6dbffbff0034965b6596db2c924b6d9f6ff6ff00edfefbeffedb7fbfdbefbfdb7dbffbff00b4b65925b65b24924b64df7dfebfff00b7df7db6fb7dbfdb7fb7ff007dbffbefb4b6cb2cb6db6492d96fdffdf7ff006dfefbfdbfdbcdff00fb6f27ff007dbfff00edadb2d925b6d924925b3fdf7df6db6ff7df6fb6fe6dd79bd976fa7db7ff007da596492d96d9249259b7dfeffedbff00befbeffefa5f820484c104fdb7df6d6db2cb2cb64924b07fb7fbedff00ff00fdf7ff00edbedbe2da49b6d26ffdff00fb6f7db65b6db6c92532ff00b6fbedff00ff00edff00fb6fb7db9a5a4936d2df7dbefb7be592db2d92492c97ff00eefbedff00ff006fbedbff00ff00fa405349a696df6fbfdb6f2d96db6d92d92dbffdbeff00edff00ff00ff00b6ff006db7dba043492606dfeff7fb7f64b2cb6ca34b6fff006dbfdf6ffefb6db6dfedf7db820a6926f6dbefff00dfcb25965b2992db6fdbff00b7ff007fbfff00fdfedffdbecd000b4d25f7ff007ff6fe592d96cb34b6db3edfff00f6fbff00b6dffdb7fb4935c090026d4dff00fbff00b7f2c96cb2496db6cbf7fb6db7dfeff6dbff00acb24925c0eadb4bfdbe9b6fbf9ec96d96d965964df6dfefff00db6dfefb6924925ae92914a25bff00bedb7dff00f6db4496c964b6fdb7dbff00fedbff00f6d2492492c705b7e85cdfff00f5ff00effe965124925b2db36fbefbedfefb7d6592492492bf6fa649b6db6df7ff00effcb0592492596c9bff00f6dfefbedbd964924b24952f0384f036dbfdff00fb6f2c36592492d964ff007ff7fbfdf4b6592496db6cb2da3d8a1176ff007dbedffb24965b6d92d96fdf7dbffbfded964925b6d96c95df156c7b67df7ff7fa492596c92d92d936daedf7dbd965924b649259249d38bbae4b67ff00f9f6d6496596db64b659fefeff00bed24964b6d925b6db6fe276036ed966dbcdbcb64b6c96c92d965bfefa6dff00b2496dbe6fff00ff00ff00a5ad305a36496fda6cac964b25b24b64b24db77f6fedb67f3fdfff00b6dbef6ecd869496597ef79b6c92cb6db65b259edffadfff002db7ff00bfdb6fff00ff00f1252034b6d6d937da5964b2db6496ed7efa5fd7de5b3fdb7dbfdb69ecdb19a42135f6fec9b7f7db6d926d3edfefbefacdeed64fff00b2edbfff00ff00ff00fd4dfa096b2fdecb6492efa6ff007df7dbefbfd6e36cdbcf64cde05b6120106a4bf1090493e25f66f2eff4ff0059bcbb7936965df7da7ff2327fa005b6da96cbd14da02f9fcdb6feef6d977fff00ff00e9fc877de7dbefbefb7fb7ff006db593d4cc5b7ffedbfdf6db6f2cb25b24b6c96dff00ed36fb7dbedf6dfedbff00b7b326a5ff00edb6db3db7fb696db6db6c96d12fff006fbfdffdbfdbff00b6dbff00adf8259fff00edf6dadb3f92db25b64b2d925ffefaeff6dfff00ff00dbff00bedb6d2cd443b6db6fb6decb2cb2596db6cb6cbfeffcd7fd67d3fd7fff00ff00f6db65befcb9b6dbff00ff00e2e96596596492cb64ff00ff0024b3f9f6decfa69e7fff00ff008ddd7069b6ff00efb5b7692c96592cb6cb66fb4fff00faed2eff007ffedbe93fbcdbe3076d97ff00effc1bf92c964b65b65b37ff00effefbfdfcfeedbedfff00bfc25db5036db6dbff00fddb7b25b2db2d925bafdfff00ff00ff00ff00ff00ff00ef269bedb532208b9b6db6db6f21dbdb37b65b6d96cffedbefff00ff00ff00ff00dfff00ff00fe7d74fcd5f6dbff00f7db6d25ff00edbfdfff00bd96ff00f6fb6dff00ff00ff00feff00ff00b6796db7fbedb6df7dff00fbef16ff006dfedfff00b7db6db6db7dff00ff00ff00bfff00fdf6db6db6db7dbfff00ff00ff00ff00cb36dbefff00dbfdb6fb7fb6dbefff00ff00ff00ff00ff006cb6db6db6fbff00ff00ff00ff00ff00ff00c8b7ff00edf6dbff00b7ff00ff00b6db7fff00ff00efff00d9a4b6db6db6df7fff00ff00ff00ff00fbc9f4df6dbfdfff00ff00fb7db6db6dff00fa6cbee92db6db7fbedbff00ff00ff00fdfef259a6db7fbfff00efff00ffc4002c11000300000404040701010100000000000001111021315120304041506171a1608191b1c1d1f0e17080ffda0008010301013f10ff00c26fe159f04bc613e165e23084f856109f07bff84af88df26109f023e0a243d07a0f47b9e92f62f62f62f62f62f62b62b613329e3f08420e0af051595959595959595945b9fc073f015a8689cb4aefe025a84e626afc1975b2e7cc5ccfe02d4147ca62738f9daf0df017a0990f96913abd7c21303e07c49139cf99af84a66c41f0be1588b9cfc367235c51e3afde84dfd84f545eafd0d368f8565c4f90fc2e73032832bab7e377fcc569af399bdb4424964b05ad58faaf9ea86a37df37e1fe1fd462446b05a8bc627335a340f9e4d6fd2f5155112d162d48ad2cbd5b8be5597675b6db7bb6ddf7cbe4212f46e793f6bb6fa6d8254e43e37e2ba51ae484a9d757eaf5fd09e421093324f33f2ce2fde9b5d47e4d47579376fdfe8326934214f6b32df95f5f66254e81f822e865b3dfed99271afd67e1fd87a1359d7689a4dbbf57e60b1b2c6d3d566b5d445acd13eeff00b328fd547e7fda8d3d0c9bcb75aaf9f65be5b604f7287c9aff001097c493a31e53cfecc742ae5f3cb35066dab37d092f5d7e43aab2338f566c92e53e7914d9d2bc936b382792d54c9f64e8e1a54751cb176754eecebd33a223ec49caded53beb2e59c13d48529dc28d59664d1f7657cc653437f905ccfc1d72a747a19e41b5fe8e247a31b36ed97b0eebcd76d57711a9b7b58fe8f3134d64412f53fc6a35488bdfbbf96debec24da23559427eb0440f76fb2fc89ab94fad5d6b59608533b3f2ecff067b9a7bac9ff00793a86a3647e6993f5798f36fd61158863de0ddbcec5ea96afc9b9bcd18e4d892ad8c5e8f45b25a7f6e2e77ca7d75e35d33c9896ccd7bf915466b55dd7f9e63a59f32353de928cf3c8d26d9a0b6524d93ef5bfa8f20b739f97dbeabd50d86a97a23cbfbf2ddd4c9abfe69f7c13947d4ae25d04e66be0a7135dd10abf35afd34fb0b32c93f34d7bafd941ccdfabf6ccabdb328fdfb0d2436325fefcf1489ca78bf06984e8e318f8567a1ca783e9ae3790b86747ab06318f078a445ced39f4a5e0b8ae25c139b08421084209a60c631e0f04ad2e53c1e1a72694bd0ae4c21084e7ae4b0631e2f04a8f321084260d60c63e1a5297a3b85294a5294a5296bb15b15b17b17b17b17b17b17b17b17b17b17b17b17b17b17b17b17b17b13498b1f0e5465ec5ec5ec5ec5ec5ec2ac18c8c8c8c8c8c8c8c8ccccccccccf0cccf1cccf821319caa5c610842108421084210842106b2c58f078312984210841643c1f1c2138a108421084210984e05c0ba88359701e0f0626664e4beba70aea9e26318c6264df3197c6b5626318ca6abe7dc2f4b38a757af1318c78244e63ea270c210842108888888270d9447cfd44634343442de86a5cce9398f1bd5565656182ac27152e31118f647c8d451b21f947e51b2d067be1ec8bcb7c0ba89c74a2f0c197362270d91ae068330d47a5963ecba14fa59cfaca45924157320b1ac330b8109b8c3db735e0f15d1ce9a945e1920ab896c7839f22944d8c79093688482e6be2a52e34a5f08aca2f048da66c0fb1a1b30a7625eecd39d0be8294a4f1a783f835fc24fe0d7c2fc0fb783bc5e0fa0fffc4002c1100020102050303040203000000000000011100103120214050603041516171a18191d1f0b1e17090c1ffda0008010201013f10dbd7015c6970d5c3570d517fa717880ea3e0c07aa2fb013b11eaddaf7b1987870ed22773b3564ed27a62daa276a3d316d4bdd87033435ba1406b07df5876d34305e799f1095d0ae744a3ff0096020863504edc696cb984499aaa3828c53c647e282fa5276f347706a608ded0a3d68697fb8ca0be909dc0c60885cc302478852ce839cfad341ef4a8bc84bb46f7133f77bc592065c1b9500648b32fb252c1f7ff0090481d8f4fdef19258a1823b3fbfdfac1edf078319c6620b128fc1f6a6061b40e13c9a004773337e8f0764eb180987e4fe7f3f98284abc2c72077801280c1c1e1c0208da65de041b3edf1fdcf3c9f78604951d4fe4cf5fff0014b3acf5435e00410473250e5847840184592f996467e6a2dd57ab1ad380e216ea13ac1ad380e84eb46b4ee435a7a23691d2510884422110884422a145145428a2114210c2705d108a288442286a76b71c71c71c71f48db09c176171ec4b63351b396ca7403a95b31c03a8750b633885070731605075cef468e38e387849c2aa302e91de4e23416e0e6874a77831514515002e407fc3e79c0de7ffc4002910010002020104000603010101000000000100112131102041516130718191a1f0b1c1d1e140f1ffda0008010100013f100b8102a054081502f90ae02a05f402ba0a25128e8a25128895d053ca7095085bda69c4f54d189ab135cd735e27a66ae2aa557095ce91df53a9b743bebdb90a81702f805f015c05c0b86a05f01702b951f18051d04ae122a96f69a7135626bc4d589af13562515894f69af1c551c13875d097d64be977d2ea6dced040a86a6902e040be02a040a817c05ca3ad4ca6532994f5944793a96d6269c4d789ab135e26bc4a2b134e27aa53589aa5529e12fa36e348efadb72ea79e13a76e040e02e1be020540be42f80be0207c60a7a97b52fed2dac4d789af135ca2b13d130989776980c4aa5471a477d2db94beb75d1a47713a1d73b720540a8102b90a817c05701c5302ba01728944a25128eb0a605cb25fda689af13d735e268c4f44f4cd589e99ea95f425ca784e52b9a7a897d2ac477d4fa4d21ae837c0540817c05f0102e0572a3a959ea289470132f97f69656269c4d789a713d335e38b56269c71d702a25f43ae975f0875d29529ea07037c0386d02e1b81502f80a817c85fc7122c5f35e268c4d389af134627ae61d4aab1346396a7a36eadf2ef9d39d3a12b94f840350d721503102a6dc0540b86b805701c5302be1014c68b13135e268c4d189456268c4b2b13d735625358e0a657d5b7453c273b70971df53af8293e902a04da06605c0cc0817c05408170205c081d45128944a38a251c8eb3d135e268c4d189e89e8987535e27aa7a67ab86994f29d095ce9f034ea3af8621be1a40a86a1a8150d40817020540e02f80b815f0c2c965626bc4f44d18965626ac4ca626bc4f572d4ca794ae53ad2ba5b71a477d2ea6df10350dcda0437c04081502a05f015c1015c07453c29e0265932ea6bc4f44d189ab132ea61d4f54d18e5a994902ba097ca73b7c051ce9d475f0699a706e09b70d38040a8170380ae02b80e29eb1597f69e89af13d128ac4f4cd789eb955627a25b58ea95d44ae52f94e1d44ae5df43a9b71a477f0da4fe78fbc35c86b80e020817c040b8102a05c0a94f48a251c2c5fda69c4f5cd189e998cc4f5cd789ea9e99e99eae1a253139a2257297d2eb9d3a5b72efa92faf4e1b7208106605c081502a040b8102a040815c05ca3a4be5bda7a67ae7ae7ae673135e20430550064374d3b9701392c61c97eb41f991d05ac978107ef0fb45cdad80dc7dd47ce663bbc2d7f251f39480905d0d17d6532f0583bebf3c8c6cc3e7bff006415db27bc3f6113abc8764bf81b81ac033db773c8c536c300d7dbeeea186453aee3bfa7ce61a16a63c0b52fb087ce257295d0ea6dcbbe83ae5dfc637e9369a43736e02040b81703808150380a81702a05f2a61697b2d9e99eb9af135e27af8fd528197ab0610d0f704f72cb36028bb02ebfb4b85554b02e17c0ec57ea80014a2af15e17654f931428bb19c7f781f2813542e1d7e396a3058b69685f7f2463648a5bf3de089a2b48cbb83bf87ef1169d8cbbe7bf87ef37f74d8f62777b3013b9931c9fcb5cc08bc05cb9aff82be51d7875b2e57fc07cb84ae123be13875ca63a1d4db8d23be93aea50cb88e54a1bb9aa756fe79369a741a435c0d40b817c0540be0380be05a59c175626bc4f4ccba9af135e268c702cbc0aafcea3e4474236a0be60c82f307e65fccbf997f304cb53c4537e87fa1ca57097d0eb9d3a52b8d3af6e844941e61b1087999cc5b57be91a43702a070102f808102a05c081502f95b2ea9e897769eb9af135e27aa7aa7a27a38509d9ff000ff93336c25c10ea2571a40be12e054399624f7c14f953fb89c3a895c25709c3ae34e93ae34ea3ae85462a0d02bdc7139e0bdf16f037c871b72690d40a81502e05c081502054578bd12eac4d789eb9eb9ab13d53d134e27a78b59ff62bfb96339552e13074238242344b84bbcffeeff889513875c25c771d71df977c27469f05b82ea7e70119a6783ac3b4ed9b410d408170205c081020540b812e67ae68c71fae6bc4d789ab12eed344f4f47347f1f891fea663dd32e1998a178464e2502e119e66250daff965fee244ae495c25f09c6dc3be875c691df516b330d2eb70b287818b91b60e16ba86d3b780437c02a04086a040a81702e5af0e8c4bab135e26bc4f5cabb4abb4f44f4f1faa53db8b1a5d1fca5aef184b324b425b08aa38e69324cb2ba94eedfc044ae12a247512ba76e34e83ae348efa46556894912bdca570fce2904bc1c2d751dbd036e010df00b8102a05cb25b34e27aa7ab8fd73d7356268c70fa7a69a897c69298db3badfe25eefb4b425a43a31286e672511f3dc7db1fd44b8951227095c25f297c69d075c69c38d737a21704a8ee617dc48857478e16b95e36e1dbc9970104102081702e5d2ee5bd53d73d535627aa689e99e9e9262bcf6f289f74bd5f697098a2e821c17329321f53f4665123a9b44b89ca5f2eb8d3a0eb85ae83d54b943fe71d5daf6b88d0ac5b9a72bc59c37276c1c369a4da6902e081023af17a67ab8b5e26bc4d789eae0d33d33d53d5cb53289470f7a1fb833e90cb0266102e62e601a3e76cf46014ff334b04323f522875354b01c098de58bc244be12e2475c257434e86dc3be1c45b9cf086e56bee247b58b7caf1645be14d39349b4ece02082096705b35e25558955626ac4d5895562689a71c3eae89a9e916d4ffac7f533850e663857bb5fe85f63f300b473a65d83597eb14956d72ac293c8346c03435748d3d9220d481503d97f27da16e02f607b9344f7eafc709512f84a8971225f0ee273a742e62d7046dc11f852043be9ac42b6b16e2d45b8bc2d70b5caa6dc34e4ede412c9671ebc4d53d53d53d5346387d3c7eae89a894ca65329e3de6fd8dff73db189882e85441e67f1d947c451432b68f75991c08e190580993c0a2fca2a8dd56a09f5c7d21c91cf37c6c7d2784efef2a10d8f725e7cafbb112e244b89c25701369a7469cbae348c95883481fd9cbab2c664b5ef16a2c5b8bc2dc58b5cbf81e04ba5f3d33d73d52eac4f54f5716ac4f4cf4f2deae58af5fedd10ff0026f98274036af626281ed3831a0ba28b9704d50c41cd28ea486b72960ae9ac5ee5866d6ac880cbbc60df1ac2c47490608906ca6e8b7f6c7cc652bcbf211225c48951225f09054d39771df3b70c15cc08007fbe2626e3b2b6b16a2c5b8b16a2dc5a8b7162cb238f9f5e8374b78f5e26ac4f54f54aab12aac4d3894d6387d3d36d4c0a947144a251289449967f27f72ee531a1c119f229050d529a3de85347bee799b28650774579c0be6aea148a92a2b429324564faa0899bfb00e8281de9d58f5c7b9168a6e285dae1d9bb9ad0d19792eabaaa992b73fc16cabf12f4a87f2c4a89712e244a8912a6d0749df258eb30cc0c7f6c581116dcac58b16e2c5ae16e2c58b516f871c7349af2db2d9af8756251589ab8b5e38fd3d097afe0f2accfab87bf807d125d38993e914160155d68fcc37996f414a7600fadf51a6f7d2e83c380f456cc0d98dc016ad0b544cb4cd4a0f2b14cab02f028416bbc4c6940672bc5b00e74a5b18ed5ea6f804a2bb18853c27355a5d2c802f592b29ec2a22acb035f525d736dfc7fd8912e244b897123a897d075cb9802dc4554c330a1fdb1b04b1b62c58b162dc5ae185a8b716a2dcb238e38f8ef1d97d4d389e99e89e89ab135627ae69c4f4f0e8c7314715329f80025cefddff04a3500dbc001ded02a51d1a8ba88adea9b3f1d91e358d97958c72cfe013f880009dc6c8ec38d1bfc8657d0450405c13da982dac5e7b6a62d44a823a16da10b56ad60f9f27a54fa3644563cd4568fc7df320e93f889512a25c4822544e1d70751d45ae045b050b80615d3f9c3c309645162c58b16e2c58b7c5b163167128b8e52d67a26bc4d328ac4a2b135627a26ac4d789e99e99eaf812c815c28944a384b944f6d87e258ddc2643c3415668c061ec6861106abe432f49e913d45744b5ddddd4fded76ee0e8801b5708d59634d0c0dc95da583521be0a2b70788579403dab80f6c344636815659cb5434d5524a0615b3b119429bfb8bfa3d04fd01cc4a8912a25c1074869c16e32cc32e650853feb1b0612c8a28b1861858c30b7162c61791d914ca5d534cd334e2689af1344a2b13d53d73d7d694d44094fc0155ce06afed4f7a010620d7732e3df66928ddb431c5595df67caf350c09b25cfa1ac9f335ef52ddd0b312beab2965bd88ca68e07b21360017476217528fa408192d10669bab1d24c0d7ea9410f18f460da8f79628633f57e3ef1c47cb008c30c25c1041349b4d782a60b661162942a88e0ab818618618618616f82d4616a31f57402ecb26b9ae699ae6ac4f44d334e26bc4d735f0faa7ab96a79a653f0801a751f950cc346432b09a44c9f48f06d14c4dd1400a6dbd85621824347da16d7da0fdb952bbd9d3cbdf1ea596945b77ceb1f9981a75413cd761f2fcc33053e877f11861e00820e1b712c9861cd4230a50ffea45b96ba00618618618618618618618f9f82ccbea6b9a26996d626bc4d589a25958e3d789e9e1f4744c732bd758144a251c28988f08fc4ca2e09988aea2ba9a10e0863b5ea7b91ff00312e30c3c80c336805b845cc11011c10b738e95565861861861e058c3edc1e0d12ca9a26a9a7134cd789ae6b9a7134cd78e3d18f80ec9f44fa3a428eba3cafeecd522a63b8d09aa0d41a8712ebe14f99958c30f49685400e610732b40442a827b71d402b2cb0cb2c3c2cb2cb2df92fa9ae5d534626bc4d334cd735cd389a66bc4d78e1f57055cac3a43e5847cb3e59f2f0ca7cb3e595ea5943c90d2c705842c1348d4834413e78630c30cbcd68b841cc22e61881085cc18ab8e886de161f68c30c30cb2cfcf1965e166fe66b9ae689ae6bc4d334cd789af129a9a71d32dea94c3a9efaa7d53e49f24f927c93ea9f24faa7c93ea98f3fe844a63a697119841750ea1c106a7cf7c35e2c7c9c15a096107308c0e0c8259d7085e60bde0f9888fb47de3ed1f68cbc6f23e88f0bcf67e88bab5f68f8cfed3567f682d650eace3124c1830e0757ecfbcc7fd9f79fa47f731ff47de7eabfdcfdd7fb81fd3fcc19fd0ff67ee3fd9fbdff0067ef7fd87ea7fb9fadff0067ef7fd9fbdff67eb7fd9fadff0067eb7fd9ef7ebe73ddfdfce7ee3fd9fb8ff67b9fbf9cfde7fb3f4bfecfde7fb1aeac069eb80506590d53b61d41a8710c5d0e97c4fd2ffb3f5bfecfd6ff00b3f79fecfd4ffb1aff004fe63d57edf9cc74fd3f38128ff7f3833f4bef0c54fd7ce1ae07cd05b4fa30cee0302ec447b110ec47c2443b11f011f093d247c64f413d04f44f527ad1f1cf4a2bd91f0c4f025451589456268c4aab134626bc4d38955626a9a6572aa82a3aa9490e80f9e7cd2fe65e5fa7eb2b2b2b2b2b3bc887ec0cc83c2209743281a8350ea0c475ea9595e8f786e2f197984a184218c14410a2477627893c69e21c07853c283e227c4f0a23c44f888f111e223c44f889f113e23eb11e23e9c356257589a3134e26bc4a6b12bac4a2b1c7eae1ae51308411f4439f7e7acaf473ab8c45787f6655e3419821e206a1d4c44d62ae887d13e8e2e92e1970cbb497184bf58ec8459a4104060c610c4cac4f88c30fa47d2309f1186594f8e1a3135e26ac4d7894563a1bf472d4c15c5b2de81c8fa3a07d53eaeb001fd212f1291866626b075357008a03cdbd602dcb865832f1c4b7496e932e1150632c30b5163ae1dc48951861861861965967e49ab134e269c4a2b135e26ac70fa27aa57f0716cb60dfc00592c964b39fa260dac55f5609457dc5640b23013010313e52b7e7859f47364b20a4b465978978e25da4bb48e808d41dc61858b5163c16e2d71a72971225c4ae125134e269c4ae0905dc98587de782fbc23b3ef08ecfbca7b3ef3c17de7a9f79ebfde7b8fbca79f82b65bf0c1eaa841f37c1889711a40d4c503130dc94f80d25e32e1985c4b8c259a4f1a3b215c18781e05ae0b16b9bbe36e34e7ed2aed3d3153066156086d181b4835a4daa092fed877224134f388f6beec03b905fe8a61d18dafac12bcfaa264487cc566dfa438b97e92aaf46d57d61a01fafc1b65b2d96cb659ec234d0ab6bf26a34a6181a3f2acc0f51df818e0247c2c787f3400bfb91ff00b711f2b5bf420dbdd8e0eeb917d62fb5c50dcfed3bb2d96cb65b2d96f26c968cb865c3896184bcc278115075c1e063e78f05df0b659c16f85a8b7cdfedcf4cd18e1f5c3f130297e900fe1409d8f50b6cdfa8022f7c45e0485d54342449aa3bca894fe5c5748af67028e1a8ff00da144cc4f8528b5fd9172b1784a3a11ed253847bc53479b68ca8023e495e0f76abf9838d8ea843c447c332203d3d75f909fcc5857ee2587b3295fe21e0cbdc094e01f1099ca2ee99f8084cf64467e736124faa41e00981fe96fc103a970cb2f12d1c4bb497984b8c22d425907917a0b382df0b52de85e7d33d7d549d1ca0f685523e90744dfa89045f910e571ee52591dda9970126882d407786928f6aaa2348bc257590b77caa880d3ebfee8c95c76a8fcca71ef20bf665603ef49fb24a732ed013eccaf0f76fc824246eb429fb5cf6c295905eed6bf367f516c7ca3ca5ea21775dc2c2983e17fd9a75a5b27cfb7d7ef0625130fdeccb2592c964b3916f8584b465f789b312dd258612fd22221c59c8bc2d70b7958bcd9c9ebe2d5d2981d66f825320c03ef44092cbc881532f7ac5d266ae25d1be00cb400f24624e29e0bf11f2f3b27f2e805f01c05c4a1147c90f349a06fb0c4a083dddc3ca5afde07d156ae1f7951dae9f533f597366612d6e7fa6a8941b4cce8fc347d4895627cc117e877f842c975cbae5e3897e92e3097e93c08883c1e0b7ad675167541747fe1abd970043fdda3a16ee896059d9b7e25b196b08fbdc75781fed8cbf04f42fd122b4c3745fca232eee1fe4817c0545a831eb8af661afc4a1a6a5601f21920137ddd0141270fad3f48db1c06a214591e3fe11b70b643bad0ef13a06b5ec128f287a7cdf87692fb97de25c3896692d3097692f150a83c2c5ae90bbea05bd6d652254a78a7e31cf56d02e2d4ad867e496eee027dca4b45177c0fa589767fb09fba87919d0bbe8a3f31117d203e43f8130d746b87940fa091f629609af94fe52a709b4ff0047f82643de5a49db77273e404fd2569af308f3577f4529148b0f77a157eef58b5d0b61b25d72eb945e2597897984bb49e2446422df516f2eb95bd6a48aae95329f8a73d7b7ad5579db71f7197653cd7fc4181ed59fde3d5bd47d80f8077c3be9c6cbee5b72dbc4bf496692dd2785190edc2d96f2bd4b25916fa34a7c16dffc01bf8ed3e2d84bae5972c1c4b8712cd25fa4c38464aa584787a564b3e00901512bacb5ff0081d7c65af8ee65e4db36e25d78978e25a612fd278519d0e6c967c00b52d96c3e21a7c559c6df19df0b7f16c25d72cb97de263712cbc4bb49e04f1222631f005bf05d4ec9e7e0778efa58da6d1d93bf0ec8e8e5df59df83b38351dcec8efe078e4ed0ef359ab34677cd19df3ba691a3377476631dbab4e3ffd9, '(A) prototype of Moog Synthesizer;(B) initial electronic music instrument;(C) musical instrument to replicate the sound;(D) instrument of electronic tool', 'B');
INSERT INTO `soal` (`id_soal`, `pertanyaan`, `tipe_soal`, `audio`, `gambar`, `jawaban`, `kunci`) VALUES
(3, 'The pronoun “it” paragraph 2 refers to…', 'reading', NULL, NULL, '(A) electronic synthesizer;(B) a keyboard instrument;(C) prototype of Moog Synthesizer;(D) new semiconductor technology', 'C'),
(4, 'According to the passage, all of the following are true about The Moog, EXCEPT…', 'reading', NULL, NULL, '(A) it was invented by Robert Moog;(B) it was first introduced in 1964;(C) it initiated new technology which was smaller and cheaper than previous;(D) it was the first synthesizer in the world', 'D'),
(5, 'The paragraph following the passage most likely discusses…', 'reading', NULL, NULL, '(A) collaboration between The Moog and other musicians;(B) the description of compact and portable Mini Moog;(C) the improvement of Moog Synthesizer;(D) trend in the music industry about synthesizer', 'C'),
(11, '', 'listening', NULL, NULL, 'A) He can have more than four guests at his graduation.;(B) His brother isn’t going to graduate this semester.;(C) He didn’t know that Jane wanted to be invited.;(D) He’s going to invite Jane', 'D'),
(12, '', 'listening', NULL, NULL, '(A) Listen to the traffic report on the radio;(B) Take a later train.;(C) Ron to catch the next train.;(D) Check the weekend schedule', 'D'),
(13, '', 'listening', NULL, NULL, '(A) Deliver the notebook to Kathy.;(B) Find out where Kathy put the notebook.\r\n(C) Ask Kathy to explain the chemistry notes.;(D) Ask Kathy for the man’s notebook', 'A'),
(14, '', 'listening', NULL, NULL, ' (A) The walk is shorter than the woman thinks it is.;(B) The lecture has already started.;(C) They won’t have a problem getting seats.;(D) The lecture may be canceled', 'C'),
(15, '', 'listening', NULL, NULL, '(A) The woman should have studied French in Paris.;(B) He didn’t study French in high school.;(C) Living in Paris helped improve the woman’s language skills;(D) The woman must have had a good French teacher', 'C');

-- --------------------------------------------------------

--
-- Table structure for table `tes`
--

CREATE TABLE `tes` (
  `id_tes` int(11) NOT NULL,
  `no_telpon` int(11) NOT NULL,
  `nama` varchar(40) NOT NULL,
  `email` varchar(60) NOT NULL,
  `score` int(11) DEFAULT NULL,
  `sisa_waktu` time DEFAULT NULL,
  `id_user` int(11) NOT NULL,
  `selesai` tinyint(1) DEFAULT NULL
) ENGINE=InnoDB DEFAULT CHARSET=utf8mb4;

--
-- Dumping data for table `tes`
--

INSERT INTO `tes` (`id_tes`, `no_telpon`, `nama`, `email`, `score`, `sisa_waktu`, `id_user`, `selesai`) VALUES
(1, 32322, 'mahmudi', '', 30, '00:00:00', 1, 0),
(2, 0, '', '', 56, '15:47:24', 1, 3),
(3, 6182045, '54tdf', '', 20, NULL, 1, NULL),
(4, 32322, 'sukijan', '', 0, NULL, 1, NULL),
(5, 6182045, '54tdfAS', '', 0, NULL, 1, NULL),
(6, 6182045, '54tdfAS', '', 0, NULL, 1, NULL),
(18, 72382839, 'mahmudi', '', NULL, NULL, 2, NULL),
(19, 72382839, 'mahmudi', '', NULL, NULL, 2, NULL),
(20, 2147483647, 'kl', '', NULL, NULL, 2, NULL),
(21, 2147483647, 'klo', '', 0, NULL, 2, NULL),
(22, 2147483647, 'archi', '', NULL, NULL, 2, NULL),
(23, 2147483647, 'archi1', '', 0, NULL, 2, NULL),
(24, 2147483647, 'umik', '', NULL, NULL, 2, NULL),
(25, 123457, 'udianie', 'udianiez45@gmail.com', 0, NULL, 2, NULL),
(26, 123457, 'udianie', 'udianiez45@gmail.com', 0, NULL, 2, NULL);

-- --------------------------------------------------------

--
-- Table structure for table `user`
--

CREATE TABLE `user` (
  `id_user` int(11) NOT NULL,
  `nama_user` varchar(20) NOT NULL,
  `email` varchar(100) NOT NULL,
  `password` varchar(100) NOT NULL,
  `tipe_user` varchar(100) NOT NULL,
  `no_telp` varchar(20) NOT NULL
) ENGINE=InnoDB DEFAULT CHARSET=utf8mb4;

--
-- Dumping data for table `user`
--

INSERT INTO `user` (`id_user`, `nama_user`, `email`, `password`, `tipe_user`, `no_telp`) VALUES
(1, 'simelekete', 'simelekete12@gmail.com', 'inisaandi123', 'pengunjung', '0876547890'),
(2, 'jamaludin', 'jamaludin13@gmail.com', 'iniku123', 'admin', '0854356789');

--
-- Indexes for dumped tables
--

--
-- Indexes for table `cek_soal`
--
ALTER TABLE `cek_soal`
  ADD PRIMARY KEY (`id_cek_soal`),
  ADD KEY `id_tes` (`id_tes`),
  ADD KEY `id_soal` (`id_soal`);

--
-- Indexes for table `soal`
--
ALTER TABLE `soal`
  ADD PRIMARY KEY (`id_soal`);

--
-- Indexes for table `tes`
--
ALTER TABLE `tes`
  ADD PRIMARY KEY (`id_tes`),
  ADD KEY `id_user` (`id_user`);

--
-- Indexes for table `user`
--
ALTER TABLE `user`
  ADD PRIMARY KEY (`id_user`);

--
-- AUTO_INCREMENT for dumped tables
--

--
-- AUTO_INCREMENT for table `cek_soal`
--
ALTER TABLE `cek_soal`
  MODIFY `id_cek_soal` int(11) NOT NULL AUTO_INCREMENT, AUTO_INCREMENT=38;
--
-- AUTO_INCREMENT for table `soal`
--
ALTER TABLE `soal`
  MODIFY `id_soal` int(11) NOT NULL AUTO_INCREMENT, AUTO_INCREMENT=16;
--
-- AUTO_INCREMENT for table `tes`
--
ALTER TABLE `tes`
  MODIFY `id_tes` int(11) NOT NULL AUTO_INCREMENT, AUTO_INCREMENT=27;
--
-- AUTO_INCREMENT for table `user`
--
ALTER TABLE `user`
  MODIFY `id_user` int(11) NOT NULL AUTO_INCREMENT, AUTO_INCREMENT=3;
--
-- Constraints for dumped tables
--

--
-- Constraints for table `cek_soal`
--
ALTER TABLE `cek_soal`
  ADD CONSTRAINT `cek_soal_ibfk_1` FOREIGN KEY (`id_tes`) REFERENCES `tes` (`id_tes`),
  ADD CONSTRAINT `cek_soal_ibfk_2` FOREIGN KEY (`id_soal`) REFERENCES `soal` (`id_soal`);

--
-- Constraints for table `tes`
--
ALTER TABLE `tes`
  ADD CONSTRAINT `tes_ibfk_1` FOREIGN KEY (`id_user`) REFERENCES `user` (`id_user`);

/*!40101 SET CHARACTER_SET_CLIENT=@OLD_CHARACTER_SET_CLIENT */;
/*!40101 SET CHARACTER_SET_RESULTS=@OLD_CHARACTER_SET_RESULTS */;
/*!40101 SET COLLATION_CONNECTION=@OLD_COLLATION_CONNECTION */;
